NEW,company,role,category,focus_tags,robotics_focus,company_type,equity_signal,region,work_mode,location,term,deadline,level,role_type,citizenship,sponsorship,eligibility,elite_tier,record_kind,source_status,missing_runs,last_healthy_miss,new_on,block,flags,sources,url,first_seen,last_seen,id
YES,HyperLight,Software Engineer Intern,Software Engineering,,,unknown,unknown,US,unspecified,"Cambridge, MA",Summer 2027,,Unknown,intern,unknown,unknown,review required,,posting,open,0,,2026-07-27,,,vanshb03_2027,https://apply.workable.com/hyperlight/j/5581EA0668/?utm_source=github-vansh-ouckah,2026-07-27,2026-07-27,hyperlightsoftwareengineercambridge
YES,PDT Partners,Software Engineering Intern,Software Engineering,,,unknown,unknown,US,unspecified,"New York, NY",Summer 2027,,Unknown,intern,unknown,unknown,review required,,posting,open,0,,2026-07-27,,,vanshb03_2027,https://job-boards.greenhouse.io/pdtpartners/jobs/8077685?utm_source=github-vansh-ouckah,2026-07-27,2026-07-27,pdtpartnerssoftwareengineernewyork
YES,Quadrillion Labs,Software Engineering Intern,Software Engineering,,,unknown,unknown,US,unspecified,"New York, NY",Summer 2027,,Unknown,intern,unknown,unknown,review required,,posting,open,0,,2026-07-27,,,vanshb03_2027,https://jobs.ashbyhq.com/quadrillion-labs/a4acc44c-31ce-41a0-ab44-2500487b4d05?utm_source=github-vansh-ouckah,2026-07-27,2026-07-27,quadrillionlabssoftwareengineernewyork
YES,Stevens Capital Management,Quantitative Research Analyst Internship,Quant,research,,unknown,unknown,US,unspecified,"Radnor, PA",Summer 2027,,Unknown,intern,unknown,unknown,review required,,posting,open,0,,2026-07-27,,,vanshb03_2027,https://job-boards.greenhouse.io/scm/jobs/721895?utm_source=github-vansh-ouckah,2026-07-27,2026-07-27,stevenscapitalmanagementquantitativeresearchanalystradnor
YES,🔥 ByteDance,Software Engineer Intern - Payment Network - Global Payment,Software Engineering,,,unknown,unknown,US,unspecified,"Seattle, WA",Summer 2026,,Unknown,intern,unknown,unknown,review required,,posting,open,0,,2026-07-27,,,Simplify2026,https://jobs.bytedance.com/en/position/7533369475380070663/detail?utm_source=Simplify&ref=Simplify,2026-07-27,2026-07-27,bytedancesoftwareengineerpaymentnetworkglobalpaymentseattle
,Akuna Capital,Hardware Engineer Intern 🇺🇸,Software Engineering,,,unknown,unknown,US,unspecified,"Chicago, IL",Summer 2027,,Unknown,intern,US citizenship required,unknown,review required,elite,posting,open,0,,,CITIZENSHIP REVIEW,US-CITIZEN-ONLY,"vanshb03_2027,Greenhouse/akunacapital",https://akunacapital.com/careers/job/8018880/?gh_jid=8018880&utm_source=github-vansh-ouckah,2026-07-21,2026-07-27,akunacapitalhardwareengineerchicago
,Akuna Capital,Platform Engineer Intern 🇺🇸,Software Engineering,,,unknown,unknown,US,unspecified,"Chicago, IL",Summer 2027,,Unknown,intern,US citizenship required,unknown,review required,elite,posting,open,0,,,CITIZENSHIP REVIEW,US-CITIZEN-ONLY,"vanshb03_2027,Greenhouse/akunacapital",https://akunacapital.com/careers/job/8018856/?gh_jid=8018856&utm_source=github-vansh-ouckah,2026-07-21,2026-07-27,akunacapitalplatformengineerchicago
,Akuna Capital,Python Software Engineer Intern 🇺🇸,Software Engineering,,,unknown,unknown,US,unspecified,"Chicago, IL",Summer 2027,,Unknown,intern,US citizenship required,unknown,review required,elite,posting,open,0,,2026-07-24,CITIZENSHIP REVIEW,US-CITIZEN-ONLY,"vanshb03_2027,Greenhouse/akunacapital",https://akunacapital.com/careers/job/8018853/?gh_jid=8018853&utm_source=github-vansh-ouckah,2026-07-21,2026-07-27,akunacapitalpythonsoftwareengineerchicago
,Akuna Capital,Quantitative Development & Strategy Intern 🇺🇸,Quant,,,unknown,unknown,US,unspecified,"Chicago, IL",Summer 2027,,Unknown,intern,US citizenship required,unknown,review required,elite,posting,open,0,,,CITIZENSHIP REVIEW,US-CITIZEN-ONLY,"vanshb03_2027,Greenhouse/akunacapital",https://akunacapital.com/careers/job/8021481/?gh_jid=8021481&utm_source=github-vansh-ouckah,2026-07-21,2026-07-27,akunacapitalquantitativedevelopmentstrategychicago
,Akuna Capital,Quantitative Research Intern 🇺🇸,Quant,research,,unknown,unknown,US,unspecified,"Chicago, IL ",Summer 2027,,Unknown,intern,US citizenship required,unknown,review required,elite,posting,open,0,,,CITIZENSHIP REVIEW,US-CITIZEN-ONLY,"vanshb03_2027,Greenhouse/akunacapital",https://akunacapital.com/careers/job/8036614/?gh_jid=8036614&utm_source=github-vansh-ouckah,2026-07-21,2026-07-27,akunacapitalquantitativeresearchchicago
,Akuna Capital,"Software Engineer Intern (Summer 2027, Python / C++ / Full Stack / C# .NET)",Software Engineering,,,unknown,unknown,US,unspecified,"Chicago, IL",Summer 2027,,Unknown,intern,unknown,unknown,review required,elite,posting,open,0,,2026-07-24,,,sndsh404_2027,https://akunacapital.com/careers/job/8018847/,2026-07-24,2026-07-27,akunacapitalsoftwareengineerchicago
,Akuna Capital,"Software Engineer Intern, C# .NET Desktop",Software Engineering,,,unknown,unknown,US,unspecified,"Chicago, IL",Summer 2027,,Unknown,intern,unknown,unknown,review required,elite,posting,open,0,,,,,"vanshb03_2027,Greenhouse/akunacapital",https://akunacapital.com/careers/job/8018886/?gh_jid=8018886&utm_source=github-vansh-ouckah,2026-07-21,2026-07-27,akunacapitalsoftwareengineercnetdesktopchicago
,Akuna Capital,"Software Engineer Intern, C++ 🇺🇸",Software Engineering,,,unknown,unknown,US,unspecified,"Chicago, IL",Summer 2027,,Unknown,intern,US citizenship required,unknown,review required,elite,posting,open,0,,,CITIZENSHIP REVIEW,US-CITIZEN-ONLY,"vanshb03_2027,Greenhouse/akunacapital",https://akunacapital.com/careers/job/8018847/?gh_jid=8018847&utm_source=github-vansh-ouckah,2026-07-21,2026-07-27,akunacapitalsoftwareengineercchicago
,Akuna Capital,"Software Engineer Intern, Full Stack Web 🇺🇸",Software Engineering,,,unknown,unknown,US,unspecified,"Chicago, IL",Summer 2027,,Unknown,intern,US citizenship required,unknown,review required,elite,posting,open,0,,,CITIZENSHIP REVIEW,US-CITIZEN-ONLY,"vanshb03_2027,Greenhouse/akunacapital",https://akunacapital.com/careers/job/8018893/?gh_jid=8018893&utm_source=github-vansh-ouckah,2026-07-21,2026-07-27,akunacapitalsoftwareengineerfullstackwebchicago
,Citadel,Quantitative Research Analyst Intern,Quant,research,,unknown,unknown,US,unspecified,"Greenwich, CT / Miami, FL / NYC",Summer 2026,,Unknown,intern,unknown,unknown,review required,elite,posting,open,0,,,,,Simplify2026,https://www.citadel.com/careers/details/quantitative-research-analyst-intern-us/?utm_source=Simplify&ref=Simplify,2026-07-21,2026-07-27,citadelquantitativeresearchanalystgreenwich
,Citadel,Quantitative Research Analyst Intern,Quant,research,,unknown,unknown,UK / France,unspecified,"London, UK / Paris, France",Summer 2026,,Unknown,intern,unknown,unknown,review required,elite,posting,open,0,,,,,Simplify2026,https://www.citadel.com/careers/details/quantitative-research-analyst-intern-bs-ms-europe/?utm_source=Simplify&ref=Simplify,2026-07-21,2026-07-27,citadelquantitativeresearchanalystlondon
,Citadel,Quantitative Research Engineer Intern 🎓,Quant,research,,unknown,unknown,UK,unspecified,"London, UK",Summer 2026,,Advanced/unknown,intern,unknown,unknown,review required,elite,posting,open,0,,,,ADV-DEGREE,Simplify2026,https://www.citadel.com/careers/details/quantitative-research-engineer-phd-intern-europe/?utm_source=Simplify&ref=Simplify,2026-07-21,2026-07-27,citadelquantitativeresearchengineerlondon
,Citadel,Quantitative Research Engineer Intern 🎓,Quant,research,,unknown,unknown,US,unspecified,"4 locations Greenwich, CT / Houston, TX / Miami, FL / NYC",Summer 2026,,Advanced/unknown,intern,unknown,unknown,review required,elite,posting,open,0,,,,ADV-DEGREE,Simplify2026,https://www.citadel.com/careers/details/quantitative-research-engineer-phd-intern-us/?utm_source=Simplify&ref=Simplify,2026-07-21,2026-07-27,citadelquantitativeresearchengineer4locationsgreenwich
,Citadel,Quantitative Researcher – PhD Intern 🎓,Quant,,,unknown,unknown,US,unspecified,"4 locations Greenwich, CT / Houston, TX / Miami, FL / NYC",Summer 2026,,PhD,intern,unknown,unknown,review required,elite,posting,open,0,,,,ADV-DEGREE,Simplify2026,https://www.citadel.com/careers/details/quantitative-researcher-phd-intern-us/?utm_source=Simplify&ref=Simplify,2026-07-21,2026-07-27,citadelquantitativeresearcherphd4locationsgreenwich
,Citadel,Quantitative Researcher – PhD Intern 🎓,Quant,,,unknown,unknown,UK,unspecified,"London, UK",Summer 2026,,PhD,intern,unknown,unknown,review required,elite,posting,open,0,,,,ADV-DEGREE,Simplify2026,https://www.citadel.com/careers/details/quantitative-researcher-phd-intern-europe/?utm_source=Simplify&ref=Simplify,2026-07-21,2026-07-27,citadelquantitativeresearcherphdlondon
,Citadel,Software Engineer Intern,Software Engineering,,,unknown,unknown,US,unspecified,"**4 locations** New York, NY / Greenwich, CT / Miami, FL / Houston, TX",Ambiguous,,Unknown,intern,unknown,unknown,review required,elite,posting,open,0,,,,,"Simplify2026,vanshb03_2027",https://www.citadel.com/careers/details/software-engineer-intern-us/?utm_source=Simplify&ref=Simplify,2026-07-21,2026-07-27,citadelsoftwareengineer4locationsgreenwich
,Citadel Securities,Credit & Rates Rotational Trader Intern,Quant,,,unknown,unknown,US,unspecified,NYC,Summer 2026,,Unknown,intern,unknown,unknown,review required,elite,posting,open,0,,,,,Simplify2026,https://www.citadelsecurities.com/careers/details/credit-rates-rotational-trader-intern-us/?utm_source=Simplify&ref=Simplify,2026-07-21,2026-07-27,citadelsecuritiescreditratesrotationaltradernyc
,Citadel Securities,Designated Market Maker Intern - Designated Market Maker - Trader,Quant,,,unknown,unknown,US,unspecified,NYC,Summer 2026,,Unknown,intern,unknown,unknown,review required,elite,posting,open,0,,,,,Simplify2026,https://www.citadelsecurities.com/careers/details/designated-market-maker-dmm-trader-intern-us/?utm_source=Simplify&ref=Simplify,2026-07-21,2026-07-27,citadelsecuritiesdesignatedmarketmakerdesignatedmarketmakertrade
,Citadel Securities,Machine Learning Researcher PhD Intern 🎓,AI / ML,,,unknown,unknown,US,unspecified,"Miami, FL / NYC",Summer 2026,,PhD,intern,unknown,unknown,review required,elite,posting,open,0,,,,ADV-DEGREE,Simplify2026,https://www.citadelsecurities.com/careers/details/machine-learning-researcher-phd-intern-us/?utm_source=Simplify&ref=Simplify,2026-07-21,2026-07-27,citadelsecuritiesmachinelearningresearcherphdmiami
,Citadel Securities,Quantitative Research Analyst Bachelor's or master's degree Intern 🎓,Quant,research,,unknown,unknown,UK / France,unspecified,"London, UK / Paris, France",Summer 2026,,Undergraduate eligible,intern,unknown,unknown,review required,elite,posting,open,0,,,,ADV-DEGREE,Simplify2026,https://www.citadelsecurities.com/careers/details/quantitative-research-analyst-intern-bs-ms-europe/?utm_source=Simplify&ref=Simplify,2026-07-21,2026-07-27,citadelsecuritiesquantitativeresearchanalystbachelorsormastersde
,Citadel Securities,Quantitative Research Analyst Intern,Quant,research,,unknown,unknown,UK,unspecified,"London, UK",Summer 2026,,Unknown,intern,unknown,unknown,review required,elite,posting,open,0,,,,,Simplify2026,https://www.citadelsecurities.com/careers/details/quantitative-research-analyst-intern-bs-ms-europe-2/?utm_source=Simplify&ref=Simplify,2026-07-21,2026-07-27,citadelsecuritiesquantitativeresearchanalystlondon
,Citadel Securities,Quantitative Research Engineer Intern 🎓,Quant,research,,unknown,unknown,US,unspecified,"Miami, FL / NYC",Summer 2026,,Advanced/unknown,intern,unknown,unknown,review required,elite,posting,open,0,,,,ADV-DEGREE,Simplify2026,https://www.citadelsecurities.com/careers/details/quantitative-research-engineer-phd-intern-us/?utm_source=Simplify&ref=Simplify,2026-07-21,2026-07-27,citadelsecuritiesquantitativeresearchengineermiami
,Citadel Securities,Quantitative Researcher PhD Intern 🎓,Quant,,,unknown,unknown,US,unspecified,"Miami, FL / NYC",Summer 2026,,PhD,intern,unknown,unknown,review required,elite,posting,open,0,,,,ADV-DEGREE,Simplify2026,https://www.citadelsecurities.com/careers/details/quantitative-researcher-phd-intern-us/?utm_source=Simplify&ref=Simplify,2026-07-21,2026-07-27,citadelsecuritiesquantitativeresearcherphdmiami
,Citadel Securities,Quantitative Researcher PhD Intern 🎓,Quant,,,unknown,unknown,UK,unspecified,"London, UK",Summer 2026,,PhD,intern,unknown,unknown,review required,elite,posting,open,0,,,,ADV-DEGREE,Simplify2026,https://www.citadelsecurities.com/careers/details/quantitative-researcher-phd-intern-europe/?utm_source=Simplify&ref=Simplify,2026-07-21,2026-07-27,citadelsecuritiesquantitativeresearcherphdlondon
,Citadel Securities,Quantitative Trading Intern,Quant,,,unknown,unknown,UK / France,unspecified,"London, UK / Paris, France",Summer 2026,,Unknown,intern,unknown,unknown,review required,elite,posting,open,0,,,,,Simplify2026,https://www.citadelsecurities.com/careers/details/quantitative-trading-intern-europe/?utm_source=Simplify&ref=Simplify,2026-07-21,2026-07-27,citadelsecuritiesquantitativetradinglondon
,Cubist Systematic Strategies,Quantitative Developer Intern,Quant,,,unknown,unknown,US,unspecified,"New York, NY",Summer 2027,,Unknown,intern,unknown,unknown,review required,elite,posting,open,0,,,,,"vanshb03_2027,sndsh404_2027",https://job-boards.greenhouse.io/embed/job_app?for=point72&jr_id=6a07069024dcb03739f1ec72&token=7297613002&utm_source=github-vansh-ouckah,2026-07-21,2026-07-27,cubistsystematicstrategiesquantitativeengineernewyork
,DE Shaw,Software Developer Intern,Software Engineering,,,unknown,unknown,US,unspecified,"New York, NY",Summer 2027,,Unknown,intern,unknown,unknown,review required,elite,posting,open,0,,,,,"vanshb03_2027,sndsh404_2027",https://www.deshaw.com/careers/software-developer-intern-new-york-summer-2027-5894?utm_source=github-vansh-ouckah,2026-07-21,2026-07-27,deshawsoftwareengineernewyork
,Five Rings,Quantitative Trader Intern (Summer 2027),Quant,,,unknown,unknown,US,unspecified,"New York, NY",Summer 2027,,Unknown,intern,unknown,unknown,review required,elite,posting,open,0,,,,,sndsh404_2027,https://job-boards.greenhouse.io/fiveringsllc/jobs/5139668008,2026-07-21,2026-07-27,fiveringsquantitativetradernewyork
,Five Rings,Software Developer Intern 🇺🇸,Software Engineering,,,unknown,unknown,US,unspecified,"New York, NY",Summer 2027,,Unknown,intern,US citizenship required,unknown,review required,elite,posting,open,0,,,CITIZENSHIP REVIEW,US-CITIZEN-ONLY,"vanshb03_2027,sndsh404_2027",https://job-boards.greenhouse.io/fiveringsllc/jobs/5349707008?utm_source=github-vansh-ouckah,2026-07-21,2026-07-27,fiveringssoftwareengineernewyork
,Hudson River Trading,Software Engineer Intern,Quant,,,unknown,unknown,US,unspecified,"Austin, TX / Chicago, IL / New York, NY",Summer 2027,,Unknown,intern,unknown,unknown,review required,elite,posting,open,0,,,,,"vanshb03_2027,sndsh404_2027",https://www.hudsonrivertrading.com/hrt-job/software-engineering-internship-c-or-python-summer-2027/?gh_src=&utm_source=github-vansh-ouckah,2026-07-21,2026-07-27,hudsonrivertradingsoftwareengineeraustin
,IMC,Hardware Engineer Intern,Software Engineering,,,unknown,unknown,US,unspecified,"Chicago, United States",Summer 2027,,Unknown,intern,unknown,unknown,review required,elite,posting,open,0,,2026-07-24,,,"vanshb03_2027,sndsh404_2027,Greenhouse/imc",https://job-boards.eu.greenhouse.io/imc/jobs/4823945101,2026-07-21,2026-07-27,imchardwareengineerchicago
,IMC,Quantitative Research Intern,Quant,research,,unknown,unknown,US,unspecified,"Chicago, United States",Summer 2027,,Unknown,intern,unknown,unknown,review required,elite,posting,open,0,,2026-07-24,,,"vanshb03_2027,sndsh404_2027,Greenhouse/imc",https://job-boards.eu.greenhouse.io/imc/jobs/4907399101,2026-07-21,2026-07-27,imcquantitativeresearchchicago
,IMC,Software Engineer Intern,Software Engineering,,,unknown,unknown,US,unspecified,"Chicago, United States",Summer 2027,,Unknown,intern,unknown,unknown,review required,elite,posting,open,0,,,,,"vanshb03_2027,sndsh404_2027,Greenhouse/imc",https://job-boards.eu.greenhouse.io/imc/jobs/4823924101,2026-07-21,2026-07-27,imcsoftwareengineerchicago
,IMC Trading,2027 - Software Engineering Intern - BITS Pilani,Quant,,,unknown,unknown,India,unspecified,"Mumbai, India",2027,,Unknown,intern,unknown,unknown,review required,elite,posting,open,0,,,,,Greenhouse/imc,https://job-boards.eu.greenhouse.io/imc/jobs/4917549101,2026-07-21,2026-07-27,imctradingsoftwareengineerbitspilanimumbai
,IMC Trading,Hardware Machine Learning PhD Research Internship,Quant,research,,unknown,unknown,US,unspecified,"Chicago, United States",Unknown,,PhD,intern,unknown,unknown,review required,elite,posting,open,0,,,,,Greenhouse/imc,https://job-boards.eu.greenhouse.io/imc/jobs/4829785101,2026-07-21,2026-07-27,imctradinghardwaremachinelearningphdresearchchicago
,IMC Trading,Machine Learning Research Intern,Quant,research,,unknown,unknown,US,unspecified,"Chicago, United States",Summer 2027,,Unknown,intern,unknown,unknown,review required,elite,posting,open,0,,,,,"sndsh404_2027,Greenhouse/imc",https://job-boards.eu.greenhouse.io/imc/jobs/4907430101,2026-07-21,2026-07-27,imctradingmachinelearningresearchchicago
,IMC Trading,Machine Learning Research Intern - Summer 2027 - Amsterdam,Quant,research,,unknown,unknown,Netherlands,unspecified,"Amsterdam, Netherlands",Summer 2027,,Unknown,intern,unknown,unknown,review required,elite,posting,open,0,,,,,Greenhouse/imc,https://job-boards.eu.greenhouse.io/imc/jobs/4912874101,2026-07-21,2026-07-27,imctradingmachinelearningresearchamsterdamamsterdam
,IMC Trading,Quantitative Trader Intern,Quant,,,unknown,unknown,US,unspecified,"Chicago, United States",Summer 2027,,Unknown,intern,unknown,unknown,review required,elite,posting,open,0,,,,,"sndsh404_2027,Greenhouse/imc",https://job-boards.eu.greenhouse.io/imc/jobs/4823923101,2026-07-21,2026-07-27,imctradingquantitativetraderchicago
,Jane Street,Data Engineer Intern,Data,,,unknown,unknown,US,unspecified,"New York, NY",Summer 2027,,Unknown,intern,unknown,unknown,review required,elite,posting,open,0,,2026-07-24,,,vanshb03_2027,https://www.janestreet.com/join-jane-street/position/8631973002/?utm_source=github-vansh-ouckah,2026-07-24,2026-07-27,janestreetdataengineernewyork
,Jane Street,Fundamental Research Analyst Intern,Software Engineering,research,,unknown,unknown,US,unspecified,"New York, NY",Summer 2027,,Unknown,intern,unknown,unknown,review required,elite,posting,open,0,,2026-07-24,,,vanshb03_2027,https://www.janestreet.com/join-jane-street/position/8347286002/?utm_source=github-vansh-ouckah,2026-07-24,2026-07-27,janestreetfundamentalresearchanalystnewyork
,Jane Street,Hardware Engineer (FPGA/ASIC) Intern,Software Engineering,,,unknown,unknown,US,unspecified,"New York, NY",Summer 2027,,Unknown,intern,unknown,unknown,review required,elite,posting,open,0,,2026-07-24,,,vanshb03_2027,https://www.janestreet.com/join-jane-street/position/8624440002/?utm_source=github-vansh-ouckah,2026-07-24,2026-07-27,janestreethardwareengineernewyork
,Jane Street,Linux Engineer Intern,Software Engineering,,,unknown,unknown,US,unspecified,"New York, NY",Summer 2027,,Unknown,intern,unknown,unknown,review required,elite,posting,open,0,,2026-07-24,,,vanshb03_2027,https://www.janestreet.com/join-jane-street/position/8626260002/?utm_source=github-vansh-ouckah,2026-07-24,2026-07-27,janestreetlinuxengineernewyork
,Jane Street,Machine Learning Engineer Intern,AI / ML,,,unknown,unknown,US,unspecified,"New York, NY",Summer 2027,,Unknown,intern,unknown,unknown,review required,elite,posting,open,0,,2026-07-24,,,vanshb03_2027,https://www.janestreet.com/join-jane-street/position/8611307002/?utm_source=github-vansh-ouckah,2026-07-24,2026-07-27,janestreetmachinelearningengineernewyork
,Jane Street,Machine Learning Researcher Intern,AI / ML,,,unknown,unknown,US,unspecified,"New York, NY",Summer 2027,,Unknown,intern,unknown,unknown,review required,elite,posting,open,0,,2026-07-24,,,vanshb03_2027,https://www.janestreet.com/join-jane-street/position/8384490002/?utm_source=github-vansh-ouckah,2026-07-24,2026-07-27,janestreetmachinelearningresearchernewyork
,Jane Street,Network Engineer Intern,Software Engineering,,,unknown,unknown,US,unspecified,"New York, NY",Summer 2027,,Unknown,intern,unknown,unknown,review required,elite,posting,open,0,,2026-07-24,,,vanshb03_2027,https://www.janestreet.com/join-jane-street/position/8620793002/?utm_source=github-vansh-ouckah,2026-07-24,2026-07-27,janestreetnetworkengineernewyork
,Jane Street,Quantitative Researcher Intern,Quant,,,unknown,unknown,US,unspecified,"New York, NY",Summer 2027,,Unknown,intern,unknown,unknown,review required,elite,posting,open,0,,2026-07-24,,,vanshb03_2027,https://www.janestreet.com/join-jane-street/position/8498547002/?utm_source=github-vansh-ouckah,2026-07-24,2026-07-27,janestreetquantitativeresearchernewyork
,Jane Street,Quantitative Trader Intern,Quant,,,unknown,unknown,US,unspecified,"New York, NY",Summer 2027,,Unknown,intern,unknown,unknown,review required,elite,posting,open,0,,2026-07-24,,,vanshb03_2027,https://www.janestreet.com/join-jane-street/position/8617344002/?utm_source=github-vansh-ouckah,2026-07-24,2026-07-27,janestreetquantitativetradernewyork
,Jane Street,Sales and Trading Intern,Quant,,,unknown,unknown,US,unspecified,"New York, NY",Summer 2027,,Unknown,intern,unknown,unknown,review required,elite,posting,open,0,,2026-07-24,,,vanshb03_2027,https://www.janestreet.com/join-jane-street/position/8347385002/?utm_source=github-vansh-ouckah,2026-07-24,2026-07-27,janestreetsalesandtradingnewyork
,Jane Street,Software Engineer Intern,Software Engineering,,,unknown,unknown,US,unspecified,"New York, NY",Summer 2027,,Unknown,intern,unknown,unknown,review required,elite,posting,open,0,,2026-07-24,,,vanshb03_2027,https://www.janestreet.com/join-jane-street/position/8599644002/?utm_source=github-vansh-ouckah,2026-07-24,2026-07-27,janestreetsoftwareengineernewyork
,Jane Street,Tools and Compilers Research and Development Intern,Software Engineering,research,,unknown,unknown,US,unspecified,"New York, NY",Summer 2027,,Unknown,intern,unknown,unknown,review required,elite,posting,open,0,,2026-07-24,,,vanshb03_2027,https://www.janestreet.com/join-jane-street/position/5869205002/?utm_source=github-vansh-ouckah,2026-07-24,2026-07-27,janestreettoolsandcompilersresearchanddevelopmentnewyork
,Jane Street,Trading Desk Operations Engineer Intern,Quant,,,unknown,unknown,US,unspecified,"New York, NY",Summer 2027,,Unknown,intern,unknown,unknown,review required,elite,posting,open,0,,2026-07-24,,,vanshb03_2027,https://www.janestreet.com/join-jane-street/position/8621450002/?utm_source=github-vansh-ouckah,2026-07-24,2026-07-27,janestreettradingdeskoperationsengineernewyork
,Jane Street,Windows Engineer Intern,Software Engineering,,,unknown,unknown,US,unspecified,"New York, NY",Summer 2027,,Unknown,intern,unknown,unknown,review required,elite,posting,open,0,,2026-07-24,,,vanshb03_2027,https://www.janestreet.com/join-jane-street/position/8628843002/?utm_source=github-vansh-ouckah,2026-07-24,2026-07-27,janestreetwindowsengineernewyork
,Jump Trading,Campus AI Research Engineer (Intern),Quant,research,,unknown,unknown,US,unspecified,Chicago; New York,Unknown,,Unknown,intern,unknown,unknown,review required,elite,posting,open,0,,2026-07-24,,,Greenhouse/jumptrading,https://www.jumptrading.com/hr/job?gh_jid=8052281,2026-07-24,2026-07-27,jumptradingairesearchengineerchicagonewyork
,Jump Trading,Campus AI Research Engineer - Deep Learning (Intern),Quant,research,,unknown,unknown,US,unspecified,Chicago; New York,Unknown,,Unknown,intern,unknown,unknown,review required,elite,posting,open,0,,2026-07-24,,,Greenhouse/jumptrading,https://www.jumptrading.com/hr/job?gh_jid=8052338,2026-07-24,2026-07-27,jumptradingairesearchengineerdeeplearningchicagonewyork
,Jump Trading,Campus AI Research Engineer – Research Automation (Intern),Quant,research,,unknown,unknown,US,unspecified,Chicago; New York,Unknown,,Unknown,intern,unknown,unknown,review required,elite,posting,open,0,,2026-07-24,,,Greenhouse/jumptrading,https://www.jumptrading.com/hr/job?gh_jid=8052351,2026-07-24,2026-07-27,jumptradingairesearchengineerresearchautomationchicagonewyork
,Jump Trading,"Campus AI Researcher, PhD/Postdoc (Intern)",Quant,,,unknown,unknown,UK,unspecified,London,Unknown,,PhD,intern,unknown,unknown,review required,elite,posting,open,0,,2026-07-24,,,Greenhouse/jumptrading,https://www.jumptrading.com/hr/job?gh_jid=7976964,2026-07-24,2026-07-27,jumptradingairesearcherphdpostdoclondon
,Jump Trading,Campus ASIC Engineer (Intern),Quant,,,unknown,unknown,Unknown,unspecified,Bristol,Unknown,,Unknown,intern,unknown,unknown,review required,elite,posting,open,0,,2026-07-24,,,Greenhouse/jumptrading,https://www.jumptrading.com/hr/job?gh_jid=7974837,2026-07-24,2026-07-27,jumptradingasicengineerbristol
,Jump Trading,Campus Crypto Researcher (Intern),Quant,,,unknown,unknown,UK,unspecified,London,Unknown,,Unknown,intern,unknown,unknown,review required,elite,posting,open,0,,2026-07-24,,,Greenhouse/jumptrading,https://www.jumptrading.com/hr/job?gh_jid=7362318,2026-07-24,2026-07-27,jumptradingcryptoresearcherlondon
,Jump Trading,Campus Data Engineer Intern,Quant,,,unknown,unknown,UK,unspecified,"London, UK",Summer 2026,,Unknown,intern,unknown,unknown,review required,elite,posting,open,0,,,,,"Simplify2026,Greenhouse/jumptrading",https://boards.greenhouse.io/embed/job_app?token=7975008&utm_source=Simplify&ref=Simplify,2026-07-21,2026-07-27,jumptradingdataengineerlondon
,Jump Trading,Campus Data Engineer Intern,Quant,,,unknown,unknown,US,unspecified,"Chicago, IL",Summer 2026,,Unknown,intern,unknown,unknown,review required,elite,posting,open,0,,,,,"Simplify2026,Greenhouse/jumptrading",https://boards.greenhouse.io/embed/job_app?token=8002998&utm_source=Simplify&ref=Simplify,2026-07-21,2026-07-27,jumptradingdataengineerchicago
,Jump Trading,Campus FPGA Engineer (Intern),Quant,,,unknown,unknown,UK,unspecified,London,Unknown,,Unknown,intern,unknown,unknown,review required,elite,posting,open,0,,2026-07-24,,,Greenhouse/jumptrading,https://www.jumptrading.com/hr/job?gh_jid=7974391,2026-07-24,2026-07-27,jumptradingfpgaengineerlondon
,Jump Trading,Campus ML Research Engineer (Intern),Quant,research,,unknown,unknown,UK,unspecified,London,Unknown,,Unknown,intern,unknown,unknown,review required,elite,posting,open,0,,2026-07-24,,,Greenhouse/jumptrading,https://www.jumptrading.com/hr/job?gh_jid=7977145,2026-07-24,2026-07-27,jumptradingmlresearchengineerlondon
,Jump Trading,Campus Quantitative Researcher (M1/M2 Intern),Quant,,,unknown,unknown,France,unspecified,London; Paris,Unknown,,Unknown,intern,unknown,unknown,review required,elite,posting,open,0,,2026-07-24,,,Greenhouse/jumptrading,https://www.jumptrading.com/hr/job?gh_jid=8059384,2026-07-24,2026-07-27,jumptradingquantitativeresearcherlondonparis
,Jump Trading,Campus Quantitative Researcher Intern,Quant,,,unknown,unknown,Netherlands,unspecified,London; Amsterdam,Summer 2026,,Unknown,intern,unknown,unknown,review required,elite,posting,open,0,,,,,"Simplify2026,Greenhouse/jumptrading",https://boards.greenhouse.io/embed/job_app?token=8010307&utm_source=Simplify&ref=Simplify,2026-07-21,2026-07-27,jumptradingquantitativeresearcherlondon
,Jump Trading,"Campus Quantitative Researcher, PhD (Intern)",Quant,,,unknown,unknown,US,unspecified,Chicago; New York,Unknown,,PhD,intern,unknown,unknown,review required,elite,posting,open,0,,2026-07-24,,,Greenhouse/jumptrading,https://www.jumptrading.com/hr/job?gh_jid=8049938,2026-07-24,2026-07-27,jumptradingquantitativeresearcherphdchicagonewyork
,Jump Trading,"Campus Quantitative Researcher, UG/MS (Intern)",Quant,,,unknown,unknown,US,unspecified,Chicago; New York,Unknown,,Masters,intern,unknown,unknown,review required,elite,posting,open,0,,2026-07-24,,,Greenhouse/jumptrading,https://www.jumptrading.com/hr/job?gh_jid=7982648,2026-07-24,2026-07-27,jumptradingquantitativeresearcherugmschicagonewyork
,Jump Trading,Campus Quantitative Trader (Intern),Quant,,,unknown,unknown,Netherlands,unspecified,London; Amsterdam,Unknown,,Unknown,intern,unknown,unknown,review required,elite,posting,open,0,,2026-07-24,,,Greenhouse/jumptrading,https://www.jumptrading.com/hr/job?gh_jid=8050772,2026-07-24,2026-07-27,jumptradingquantitativetraderlondonamsterdam
,Jump Trading,Campus Software Engineer Intern,Quant,,,unknown,unknown,UK,unspecified,"London, UK",Summer 2026,,Unknown,intern,unknown,unknown,review required,elite,posting,open,0,,,,,"Simplify2026,Greenhouse/jumptrading",https://boards.greenhouse.io/embed/job_app?token=7975026&utm_source=Simplify&ref=Simplify,2026-07-21,2026-07-27,jumptradingsoftwareengineerlondon
,Jump Trading,Campus Software Engineer Intern,Quant,,,unknown,unknown,US,unspecified,"Chicago, IL",Ambiguous,,Unknown,intern,unknown,unknown,review required,elite,posting,open,0,,,,,"Simplify2026,vanshb03_2027,Greenhouse/jumptrading",https://boards.greenhouse.io/embed/job_app?token=8002989&utm_source=Simplify&ref=Simplify,2026-07-21,2026-07-27,jumptradingsoftwareengineerchicago
,Jump Trading,Campus Systems Engineer (Intern),Quant,,,unknown,unknown,Netherlands,unspecified,London; Amsterdam,Unknown,,Unknown,intern,unknown,unknown,review required,elite,posting,open,0,,2026-07-24,,,Greenhouse/jumptrading,https://www.jumptrading.com/hr/job?gh_jid=8000323,2026-07-24,2026-07-27,jumptradingsystemsengineerlondonamsterdam
,Jump Trading,Campus Systems Engineer Intern,Quant,,,unknown,unknown,US,unspecified,"Chicago, IL",Summer 2027,,Unknown,intern,unknown,unknown,review required,elite,posting,open,0,,2026-07-24,,,"vanshb03_2027,Greenhouse/jumptrading",https://www.jumptrading.com/hr/job?gh_jid=8007788&utm_source=github-vansh-ouckah,2026-07-24,2026-07-27,jumptradingsystemsengineerchicago
,Jump Trading,Campus Trading Team Software Engineer  (Intern),Quant,,,unknown,unknown,Hong Kong,unspecified,Hong Kong,Unknown,,Unknown,intern,unknown,unknown,review required,elite,posting,open,0,,2026-07-24,,,Greenhouse/jumptrading,https://www.jumptrading.com/hr/job?gh_jid=7565728,2026-07-24,2026-07-27,jumptradingtradingteamsoftwareengineerhongkong
,Jump Trading,Campus UI Software Engineer (Intern),Quant,,,unknown,unknown,UK,unspecified,London,Unknown,,Unknown,intern,unknown,unknown,review required,elite,posting,open,0,,2026-07-24,,,Greenhouse/jumptrading,https://www.jumptrading.com/hr/job?gh_jid=7974943,2026-07-24,2026-07-27,jumptradinguisoftwareengineerlondon
,Jump Trading,FPGA Engineer Intern,Quant,,,unknown,unknown,US,unspecified,"Chicago, IL",Summer 2026,,Unknown,intern,unknown,unknown,review required,elite,posting,open,0,,,,,"Simplify2026,Greenhouse/jumptrading",https://boards.greenhouse.io/embed/job_app?token=8003013&utm_source=Simplify&ref=Simplify,2026-07-21,2026-07-27,jumptradingfpgaengineerchicago
,Jump Trading,Quantitative Trader Intern,Quant,,,unknown,unknown,US,unspecified,"Chicago, IL / New York, NY",Summer 2027,,Unknown,intern,unknown,unknown,review required,elite,posting,open,0,,2026-07-24,,,"vanshb03_2027,Greenhouse/jumptrading",https://www.jumptrading.com/hr/job?gh_jid=7848371&utm_source=github-vansh-ouckah,2026-07-24,2026-07-27,jumptradingquantitativetraderchicago
,Jump Trading Group,Campus UI Software Engineer Intern,Quant,,,unknown,unknown,US,unspecified,"Chicago, IL",Summer 2027,,Unknown,intern,unknown,unknown,review required,elite,posting,open,0,,,,,"vanshb03_2027,Greenhouse/jumptrading",https://www.jumptrading.com/hr/job?gh_jid=8003019&utm_source=github-vansh-ouckah,2026-07-21,2026-07-27,jumptradinggroupuisoftwareengineerchicago
,Optiver,Quantitative Intern,Quant,,,unknown,unknown,US,unspecified,"Chicago, IL",Summer 2027,,Unknown,intern,unknown,unknown,review required,elite,posting,open,0,,,,,sndsh404_2027,https://www.optiver.com/join-us/jobs/institutional-sales-and-trading/chicago/quantitative-intern-summer-2027/,2026-07-21,2026-07-27,optiverquantitativechicago
,Optiver,"Quantitative Research Intern (PhD, Austin)",Quant,research,,unknown,unknown,US,unspecified,"Austin, TX",Summer 2027,,PhD,intern,unknown,unknown,review required,elite,posting,open,0,,,,,sndsh404_2027,https://www.optiver.com/join-us/jobs/quantitative-research-and-machine-learning/austin/quantitative-research-intern-phd-summer-2027/,2026-07-21,2026-07-27,optiverquantitativeresearchaustin
,Optiver,"Quantitative Research Intern (PhD, Chicago)",Quant,research,,unknown,unknown,US,unspecified,"Chicago, IL",Summer 2027,,PhD,intern,unknown,unknown,review required,elite,posting,open,0,,,,,sndsh404_2027,https://www.optiver.com/join-us/jobs/quantitative-research-and-machine-learning/chicago/quantitative-research-intern-phd-summer-2027/,2026-07-21,2026-07-27,optiverquantitativeresearchchicago
,Optiver,Software Engineer Intern,Software Engineering,,,unknown,unknown,US,unspecified,"Chicago, IL",Summer 2027,,Unknown,intern,unknown,unknown,review required,elite,posting,open,0,,,,,"vanshb03_2027,sndsh404_2027",https://www.optiver.com/join-us/jobs/technology/chicago/software-engineer-intern-summer-2027-chicago/?utm_source=github-vansh-ouckah,2026-07-21,2026-07-27,optiversoftwareengineerchicago
,Optiver,Software Engineer Intern,Software Engineering,,,unknown,unknown,US,unspecified,"Austin, TX",Summer 2027,,Unknown,intern,unknown,unknown,review required,elite,posting,open,0,,,,,"vanshb03_2027,sndsh404_2027",https://www.optiver.com/join-us/jobs/technology/austin/software-engineer-intern-summer-2027-austin/?utm_source=github-vansh-ouckah,2026-07-21,2026-07-27,optiversoftwareengineeraustin
,Point72,Quantitative Developer Intern,Quant,,,unknown,unknown,US,unspecified,"New York, NY",Summer 2027,,Unknown,intern,unknown,unknown,review required,elite,posting,open,0,,,,,vanshb03_2027,https://careers.point72.com/CSJobDetail?jobName=summer-2027-quantitative-developer-internship&jobCode=CSS-0012293&utm_source=github-vansh-ouckah,2026-07-21,2026-07-27,point72quantitativeengineernewyork
,Point72,Quantitative Research Intern (Summer 2027),Quant,research,,unknown,unknown,US,unspecified,"New York, NY",Summer 2027,,Unknown,intern,unknown,unknown,review required,elite,posting,open,0,,,,,sndsh404_2027,https://job-boards.greenhouse.io/point72/jobs/7297642002,2026-07-21,2026-07-27,point72quantitativeresearchnewyork
,Point72,Quantitative Researcher Intern,Quant,,,unknown,unknown,US,unspecified,"New York, NY",Summer 2027,,Unknown,intern,unknown,unknown,review required,elite,posting,open,0,,,,,vanshb03_2027,https://careers.point72.com/CSJobDetail?jobName=summer-2027-quantitative-researcher-internship&jobCode=CSS-0012295&utm_source=github-vansh-ouckah,2026-07-21,2026-07-27,point72quantitativeresearchernewyork
,Susquehanna,"Quantitative Systematic Trading Intern (PhD, Summer 2027)",Quant,,,unknown,unknown,US,unspecified,"New York, NY",Summer 2027,,PhD,intern,unknown,unknown,review required,elite,posting,open,0,,,,,sndsh404_2027,https://careers.sig.com/jobs/10822,2026-07-21,2026-07-27,susquehannaquantitativesystematictradingnewyork
,Susquehanna,Trading System Engineering Intern,Quant,,,unknown,unknown,US,unspecified,"Bala Cynwyd, PA",Summer 2027,,Unknown,intern,US citizenship required,unknown,review required,elite,posting,open,0,,,CITIZENSHIP REVIEW,US-CITIZEN-ONLY,"vanshb03_2027,sndsh404_2027",https://careers.sig.com/jobs/10837?lang=en-us&mode=apply&iis=LinkedIn&jr_id=69f3d11158b23a2329da8088&utm_source=github-vansh-ouckah,2026-07-21,2026-07-27,susquehannatradingsystemengineerbalacynwyd
,Susquehanna International Group (SIG),AI Co-op,Software Engineering,,,unknown,unknown,US,unspecified,"Ardmore, PA",Summer 2026,,Unknown,co-op,unknown,unknown,review required,elite,posting,open,0,,,,,Simplify2026,https://careers-sig.icims.com/jobs/11078/job?mobile=true&needsRedirect=false&utm_source=Simplify&ref=Simplify,2026-07-21,2026-07-27,susquehannainternationalgroupsigaiardmore
,Susquehanna International Group (SIG),Financial Reporting AI Co-op,Software Engineering,,,unknown,unknown,US,unspecified,"Ardmore, PA",Summer 2026,,Unknown,co-op,unknown,unknown,review required,elite,posting,open,0,,,,,Simplify2026,https://careers-sig.icims.com/jobs/11137/job?mobile=true&needsRedirect=false&utm_source=Simplify&ref=Simplify,2026-07-21,2026-07-27,susquehannainternationalgroupsigfinancialreportingaiardmore
,Susquehanna Investment Group,Quantitative Strategy Developer Intern,Quant,,,unknown,unknown,US,unspecified,"Bala Cynwyd, PA",Summer 2027,,Unknown,intern,unknown,unknown,review required,elite,posting,open,0,,,,,"vanshb03_2027,sndsh404_2027",https://careers.sig.com/intern-co-op-technology/jobs/10838?lang=en-us&utm_source=github-vansh-ouckah,2026-07-21,2026-07-27,susquehannainvestmentgroupquantitativestrategyengineerbalacynwyd
,Tower Research,Quantitative Developer Intern,Quant,research,,unknown,unknown,US,unspecified,"Chicago, IL / New York, NY",Summer 2027,,Unknown,intern,unknown,unknown,review required,elite,posting,open,0,,,,,"vanshb03_2027,sndsh404_2027,Greenhouse/towerresearchcapital",https://job-boards.greenhouse.io/towerresearchcapital/jobs/8044334,2026-07-21,2026-07-27,towerresearchquantitativeengineerchicago
,Tower Research Capital,Quantitative Trader Intern,Quant,research,,unknown,unknown,US,unspecified,"New York, NY / Chicago, IL",Summer 2027,,Unknown,intern,unknown,unknown,review required,elite,posting,open,0,,,,,"sndsh404_2027,Greenhouse/towerresearchcapital",https://job-boards.greenhouse.io/towerresearchcapital/jobs/8024128,2026-07-21,2026-07-27,towerresearchcapitalquantitativetradernewyork
,Tower Research Capital,Quantitative Trader Intern 🎓,Quant,research,,unknown,unknown,US,unspecified,New York,Summer 2026,,Advanced/unknown,intern,unknown,unknown,review required,elite,posting,open,0,,,,ADV-DEGREE,"Simplify2026,Greenhouse/towerresearchcapital",https://www.tower-research.com/open-positions/?gh_jid=8024138&utm_source=Simplify&ref=Simplify,2026-07-21,2026-07-27,towerresearchcapitalquantitativetradernyc
,Two Sigma,AI Research Scientist Intern (MS / PhD),AI / ML,research,,unknown,unknown,US,unspecified,"New York, NY",Summer 2027,,PhD,intern,unknown,unknown,review required,elite,posting,open,0,,,,,sndsh404_2027,https://careers.twosigma.com/careers/JobDetail/New-York-New-York-United-States-AI-Research-Scientist-Internship-2027-Summer/14022,2026-07-21,2026-07-27,twosigmaairesearchscientistnewyork
,Two Sigma,Quantitative Researcher Intern,Quant,,,unknown,unknown,US,unspecified,"New York, NY",Summer 2027,,Unknown,intern,unknown,unknown,review required,elite,posting,open,0,,,,,sndsh404_2027,https://careers.twosigma.com/careers/JobDetail/New-York-New-York-United-States-Quantitative-Researcher-Internship-2027-Summer/13945,2026-07-21,2026-07-27,twosigmaquantitativeresearchernewyork
,Virtu,Quantitative Trading Intern,Quant,,,unknown,unknown,US,unspecified,"Austin, TX / Chicago, IL / New York, NY",Summer 2027,,Unknown,intern,unknown,unknown,review required,elite,posting,open,0,,,,,"vanshb03_2027,Greenhouse/virtu",https://job-boards.greenhouse.io/virtu/jobs/8624408002?utm_source=github-vansh-ouckah,2026-07-21,2026-07-27,virtuquantitativetradingaustin
,Virtu Financial,2027 Internship - Quantitative Researcher (PhD),Quant,,,unknown,unknown,US,unspecified,New York,2027,,PhD,intern,unknown,unknown,review required,elite,posting,open,0,,,,,Greenhouse/virtu,https://job-boards.greenhouse.io/virtu/jobs/8624424002,2026-07-24,2026-07-27,virtufinancialquantitativeresearchernewyork
,Virtu Financial,2027 Internship - Quantitative Strategist and Research Intern,Quant,research,,unknown,unknown,Ireland,unspecified,"Dublin, Ireland",2027,,Unknown,intern,unknown,unknown,review required,elite,posting,open,0,,,,,Greenhouse/virtu,https://job-boards.greenhouse.io/virtu/jobs/8631180002,2026-07-21,2026-07-27,virtufinancialquantitativestrategistandresearchdublin
,Virtu Financial,2027 Internship - Quantitative Trading ,Quant,,,unknown,unknown,Ireland,unspecified,"Dublin, Ireland",2027,,Unknown,intern,unknown,unknown,review required,elite,posting,open,0,,,,,Greenhouse/virtu,https://job-boards.greenhouse.io/virtu/jobs/8547254002,2026-07-21,2026-07-27,virtufinancialquantitativetradingdublin
,Virtu Financial,2027 Internship - Software Engineer,Software Engineering,,,unknown,unknown,Ireland,unspecified,"Dublin, Ireland",2027,,Unknown,intern,unknown,unknown,review required,elite,posting,open,0,,,,,Greenhouse/virtu,https://job-boards.greenhouse.io/virtu/jobs/8551566002,2026-07-21,2026-07-27,virtufinancialsoftwareengineerdublin
,Virtu Financial,Quant Research Intern (Undergrad),Quant,research,,unknown,unknown,US,unspecified,"New York, NY",2027,,Undergraduate eligible,intern,unknown,unknown,review required,elite,posting,open,0,,,,,"sndsh404_2027,Greenhouse/virtu",https://job-boards.greenhouse.io/virtu/jobs/8142539002,2026-07-21,2026-07-27,virtufinancialquantresearchnewyork
,Virtu Financial,Software Engineer Intern,Software Engineering,,,unknown,unknown,US,unspecified,"Austin, TX / New York",2027,,Unknown,intern,unknown,unknown,review required,elite,posting,open,0,,,,,"vanshb03_2027,Greenhouse/virtu",https://job-boards.greenhouse.io/virtu/jobs/8624410002?utm_source=github-vansh-ouckah,2026-07-21,2026-07-27,virtufinancialsoftwareengineeraustin
,Amazon,Robotics - Software Development Engineer Intern/Co-op,Robotics & Embodied AI,robot-software,,unknown,unknown,US,unspecified,"**8 locations** Sunnyvale, CA / North Reading, MA / Westboro, MA / Nashville, TN / Austin, TX / Arlington, VA / Bellevue, WA / Seattle, WA",2026,,Unknown,co-op,unknown,unknown,review required,high,posting,open,0,,,,,vanshb03_2027,https://www.amazon.jobs/en/jobs/3136266/robotics-software-development-engineer-intern-co-op-2026?no_int_redir=1&utm_source=github-vansh-ouckah,2026-07-21,2026-07-27,amazonroboticssoftwaredevelopmentengineer8locationssunnyvale
,Apple,"Software Engineer Intern, Undergrad",Software Engineering,,,unknown,unknown,US,unspecified,United States,Summer 2027,,Undergraduate eligible,intern,unknown,unknown,review required,high,posting,open,0,,,,,vanshb03_2027,https://jobs.apple.com/en-us/details/200664785/software-undergrad-engineering-internships?utm_source=github-vansh-ouckah,2026-07-21,2026-07-27,applesoftwareengineerundergradunitedstates
,Apple,"Software Engineering Intern, Masters",Software Engineering,,,unknown,unknown,US,unspecified,United States,Summer 2027,,Masters,intern,unknown,unknown,review required,high,posting,open,0,,,,,vanshb03_2027,https://jobs.apple.com/en-us/details/200664320/software-engineering-masters-internships?utm_source=github-vansh-ouckah,2026-07-21,2026-07-27,applesoftwareengineermastersunitedstates
,Cloudflare,"AI Transformation Intern – Global Customer Engineering, Service Sales (Fall 2026)",Software Engineering,,,unknown,unknown,Unknown,onsite,In-Office,Fall 2026,,Unknown,intern,unknown,unknown,review required,high,posting,open,0,,,,,Greenhouse/cloudflare,https://boards.greenhouse.io/cloudflare/jobs/8044395?gh_jid=8044395,2026-07-21,2026-07-27,cloudflareaitransformationglobalcustomerengineerservicesalesinof
,Cloudflare,Sales Project Manager Intern (AI Innovation) (Fall 2026),Software Engineering,,,unknown,unknown,Unknown,onsite,In-Office,Fall 2026,,Unknown,intern,unknown,unknown,review required,high,posting,open,0,,,,,Greenhouse/cloudflare,https://boards.greenhouse.io/cloudflare/jobs/8020830?gh_jid=8020830,2026-07-21,2026-07-27,cloudflaresalesprojectmanagerinoffice
,Cloudflare,"Software Engineer Intern (Fall 2026) - Austin, TX",Software Engineering,,,unknown,unknown,Unknown,onsite,In-Office,Fall 2026,,Unknown,intern,unknown,unknown,review required,high,posting,open,0,,,,,Greenhouse/cloudflare,https://boards.greenhouse.io/cloudflare/jobs/8052785?gh_jid=8052785,2026-07-21,2026-07-27,cloudflaresoftwareengineeraustintxinoffice
,Cloudflare,Systems Engineer - Global Resource Management (Data Residency),Software Engineering,,,unknown,unknown,Unknown,hybrid,Hybrid,Unknown,,Unknown,fellowship,unknown,unknown,review required,high,posting,open,0,,2026-07-24,,,Greenhouse/cloudflare,https://boards.greenhouse.io/cloudflare/jobs/8015230?gh_jid=8015230,2026-07-24,2026-07-27,cloudflaresystemsengineerglobalresourcemanagementhybrid
,Cloudflare,Technical Support Engineer Intern (Fall 2026),Software Engineering,,,unknown,unknown,Unknown,onsite,In-Office,Fall 2026,,Unknown,intern,unknown,unknown,review required,high,posting,open,0,,,,,Greenhouse/cloudflare,https://boards.greenhouse.io/cloudflare/jobs/8041135?gh_jid=8041135,2026-07-21,2026-07-27,cloudflaretechnicalsupportengineerinoffice
,Cohere,"Machine Learning Intern/Co-op  (Fall, 2026)",AI / ML,research,,unknown,unknown,Canada,remote,Remote - Canada,Fall 2026,,Unknown,co-op,unknown,unknown,review required,high,posting,open,0,,,,,Ashby/cohere,https://jobs.ashbyhq.com/cohere/36d1f52f-8270-4652-adf5-5303a0ff341b,2026-07-21,2026-07-27,coheremachinelearningremotecanada
,Cohere,"Research Internship (Fall, 2026)",Quant,"perception,research",,unknown,unknown,Canada,remote,Remote - Canada,Fall 2026,,PhD,intern,unknown,unknown,review required,high,posting,open,0,,,,,Ashby/cohere,https://jobs.ashbyhq.com/cohere/73bd3e2b-6597-4124-b64b-1e5dbc32e785,2026-07-21,2026-07-27,cohereresearchremotecanada
,Cohere,Software Engineer Intern (Fall / Winter 2026),AI / ML,"autonomy,research",,unknown,unknown,Canada,remote,Remote - Canada,Fall/Winter 2026,,Unknown,intern,unknown,unknown,review required,high,posting,open,0,,,,,Ashby/cohere,https://jobs.ashbyhq.com/cohere/8c035d3d-081d-4c8a-914a-72f4efaad254,2026-07-21,2026-07-27,coheresoftwareengineerremotecanada
,DRW,FPGA Intern,Software Engineering,,,unknown,unknown,US,unspecified,"Chicago, IL",Summer 2026,,Unknown,intern,unknown,unknown,review required,high,posting,open,0,,,,,Simplify2026,https://job-boards.greenhouse.io/drweng/jobs/8038923?utm_source=Simplify&ref=Simplify,2026-07-21,2026-07-27,drwfpgachicago
,DRW,Software Developer Intern,Software Engineering,,,unknown,unknown,UK,unspecified,"London, UK",Summer 2026,,Unknown,intern,unknown,unknown,review required,high,posting,open,0,,,,,Simplify2026,https://job-boards.greenhouse.io/drweng/jobs/7942281?utm_source=Simplify&ref=Simplify,2026-07-21,2026-07-27,drwsoftwareengineerlondon
,Databricks,PhD GenAI Research Scientist Intern,AI / ML,research,,unknown,unknown,US,unspecified,"San Francisco, California",Unknown,,PhD,intern,unknown,unknown,review required,high,posting,open,0,,,,,Greenhouse/databricks,https://databricks.com/company/careers/open-positions/job?gh_jid=7011263002,2026-07-21,2026-07-27,databricksphdgenairesearchscientistsanfrancisco
,Google,Software Engineering Intern,Software Engineering,,,unknown,unknown,US,unspecified,"**30 locations** Mountain View, CA / Atlanta, GA / Austin, TX / Boulder, CO / Cambridge, MA / Bellevue, WA / Chicago, IL / Houston, TX / Irvine, CA / Kirkland, WA / Los Angeles, CA / Madison, WI / New York, NY / Palo Alto, CA / Portland, OR / Pittsburgh, PA / Raleigh, NC / Durham, NC / Reston, VA / Redmond, WA / Redwood City, CA / San Diego, CA / Goleta, CA / San Bruno, CA / Seattle, WA / San Francisco, CA / San Jose, CA / Santa Cruz, CA / South San Francisco, CA / Sunnyvale, CA",Summer 2027,,Unknown,intern,unknown,unknown,review required,high,posting,open,0,,2026-07-24,,,"vanshb03_2027,sndsh404_2027",https://www.google.com/about/careers/applications/jobs/results/85564713261245126-software-engineering-intern-bs-summer-2027?utm_source=github-vansh-ouckah,2026-07-21,2026-07-27,googlesoftwareengineer30locationsmountainview
,Mistral AI,AI Data Solutions Intern - Data Partnerships,Software Engineering,,,unknown,unknown,US,unspecified,"Palo Alto, CA",Summer 2026,,Unknown,intern,unknown,unknown,review required,high,posting,open,0,,2026-07-24,,,Simplify2026,https://jobs.ashbyhq.com/mistral.ai/60fcc44d-4d96-469d-a96c-d6a9bbfe8edd/application?embed=true&utm_source=Simplify&ref=Simplify,2026-07-24,2026-07-27,mistralaiaidatasolutionsdatapartnershipspaloalto
,Notion,Software Engineer Intern (Fall 2026),Software Engineering,,,unknown,posting mentions equity,US,remote,"Remote - San Francisco, California",Fall 2026,,Undergraduate eligible,intern,unknown,unknown,review required,high,posting,open,0,,,,,Ashby/notion,https://jobs.ashbyhq.com/notion/5b15697c-fa91-4511-9482-c98a6ff29f90,2026-07-21,2026-07-27,notionsoftwareengineerremotesanfrancisco
,Nuro,"Software Engineer, AI Platform - Intern",Robotics & Embodied AI,,autonomous vehicles,private-scaleup,private company; verify offer,US,unspecified,"Mountain View, California (HQ)",Unknown,,Unknown,intern,unknown,unknown,review required,high,posting,open,0,,,,,Greenhouse/nuro,https://nuro.ai/careersitem?gh_jid=7351061,2026-07-21,2026-07-27,nurosoftwareengineeraiplatformmountainview
,Palantir,"Forward Deployed Software Engineer, Internship",Software Engineering,autonomy,,unknown,unknown,France,unspecified,"Paris, France",Unknown,,Unknown,intern,unknown,unknown,review required,high,posting,open,0,,,,,Lever/palantir,https://jobs.lever.co/palantir/1b6f1d82-d459-4dea-8bc2-8d2ffe6f881a,2026-07-21,2026-07-27,palantirforwarddeployedsoftwareengineerparis
,Palantir,"Forward Deployed Software Engineer, Internship - AUS Government",Software Engineering,,,unknown,unknown,Australia,unspecified,"Sydney, Australia",Unknown,,Unknown,intern,unknown,unknown,review required,high,posting,open,0,,,,,Lever/palantir,https://jobs.lever.co/palantir/395a4483-fc3d-4b77-a500-501923fd0976,2026-07-21,2026-07-27,palantirforwarddeployedsoftwareengineerausgovernmentsydney
,Palantir,"Forward Deployed Software Engineer, Internship - Commercial",Software Engineering,"autonomy,hardware",,unknown,unknown,US,unspecified,"New York, NY (multiple US)",Summer 2027,,Unknown,intern,unknown,unknown,review required,high,posting,open,0,,,,,"sndsh404_2027,Lever/palantir",https://jobs.lever.co/palantir/d5486403-c050-4920-b2e0-91b69b61ebb2,2026-07-21,2026-07-27,palantirforwarddeployedsoftwareengineercommercialnewyork
,Palantir,"Forward Deployed Software Engineer, Internship - Defense Tech",Software Engineering,,,unknown,unknown,US,unspecified,"Washington, D.C.",Unknown,,Unknown,intern,unknown,unknown,review required,high,posting,open,0,,,,,Lever/palantir,https://jobs.lever.co/palantir/cccfe1bd-f15b-4fe5-b044-c793e7961c1b,2026-07-21,2026-07-27,palantirforwarddeployedsoftwareengineerdefensetechwashington
,Palantir,"Forward Deployed Software Engineer, Internship - France",Software Engineering,,,unknown,unknown,US,unspecified,"New York, NY",Unknown,,Unknown,intern,unknown,unknown,review required,high,posting,open,0,,,,,Lever/palantir,https://jobs.lever.co/palantir/ac0dc094-2480-43c2-8495-26ade227ff4f,2026-07-21,2026-07-27,palantirforwarddeployedsoftwareengineerfrancenewyork
,Palantir,"Forward Deployed Software Engineer, Internship - Intel",Software Engineering,,,unknown,unknown,US,unspecified,"Washington, D.C.",Unknown,,Unknown,intern,unknown,unknown,review required,high,posting,open,0,,,,,Lever/palantir,https://jobs.lever.co/palantir/9e40d77f-b07c-437b-98e7-def9b0184d89,2026-07-21,2026-07-27,palantirforwarddeployedsoftwareengineerintelwashington
,Palantir,"Forward Deployed Software Engineer, Internship - Poland",Software Engineering,,,unknown,unknown,US,unspecified,"New York, NY",Unknown,,Unknown,intern,unknown,unknown,review required,high,posting,open,0,,,,,Lever/palantir,https://jobs.lever.co/palantir/d582cd84-14fd-4aa3-b413-15982d286bd9,2026-07-21,2026-07-27,palantirforwarddeployedsoftwareengineerpolandnewyork
,Palantir,"Forward Deployed Software Engineer, Internship - US Government",Software Engineering,,,unknown,unknown,US,unspecified,"Honolulu, HI",Unknown,,Unknown,intern,unknown,unknown,review required,high,posting,open,0,,,,,Lever/palantir,https://jobs.lever.co/palantir/315f695d-04d1-4a9a-848e-cb2bec7a997e,2026-07-21,2026-07-27,palantirforwarddeployedsoftwareengineerusgovernmenthonolulu
,Palantir,"Forward Deployed Software Engineer, Internship - US Government",Software Engineering,,,unknown,unknown,US,unspecified,"New York, NY",Unknown,,Unknown,intern,unknown,unknown,review required,high,posting,open,0,,,,,Lever/palantir,https://jobs.lever.co/palantir/e0010393-c300-446f-bf67-fa2ef067f16f,2026-07-21,2026-07-27,palantirforwarddeployedsoftwareengineerusgovernmentnewyork
,Palantir,"Forward Deployed Software Engineer, Internship - US Government",Software Engineering,,,unknown,unknown,US,unspecified,"Washington, D.C.",Unknown,,Unknown,intern,unknown,unknown,review required,high,posting,open,0,,,,,Lever/palantir,https://jobs.lever.co/palantir/e6ff8bf2-135e-474d-ad37-24f490ae1dd2,2026-07-21,2026-07-27,palantirforwarddeployedsoftwareengineerusgovernmentwashington
,Palantir,"Privacy and Civil Liberties Software Engineer, Internship",Software Engineering,,,unknown,unknown,US,unspecified,"New York, NY",Unknown,,Unknown,intern,unknown,unknown,review required,high,posting,open,0,,,,,Lever/palantir,https://jobs.lever.co/palantir/09846827-b931-4a9f-bd64-c3bb8860187b,2026-07-21,2026-07-27,palantirprivacyandcivillibertiessoftwareengineernewyork
,Palantir,"Software Engineer, Internship",Software Engineering,research,,unknown,unknown,US,unspecified,"New York, NY",Summer 2027,,Unknown,intern,unknown,unknown,review required,high,posting,open,0,,2026-07-24,,,"vanshb03_2027,Lever/palantir",https://jobs.lever.co/palantir/7d69cf8a-06fd-4f05-bd84-27149db29c4d?utm_source=github-vansh-ouckah,2026-07-21,2026-07-27,palantirtechnologiessoftwareengineernewyork
,Palantir,"Software Engineer, Internship",Software Engineering,research,,unknown,unknown,US,unspecified,"Washington, D.C.",Summer 2027,,Unknown,intern,unknown,unknown,review required,high,posting,open,0,,,,,"vanshb03_2027,Lever/palantir",https://jobs.lever.co/palantir/bdcfb29f-4f27-42de-933f-7f83a359b9f0?utm_source=github-vansh-ouckah,2026-07-21,2026-07-27,palantirtechnologiessoftwareengineerwashington
,Palantir,"Software Engineer, Internship",Software Engineering,research,,unknown,unknown,US,unspecified,"New York, NY (multiple US)",Summer 2027,,Unknown,intern,unknown,unknown,review required,high,posting,open,0,,2026-07-24,,,"vanshb03_2027,sndsh404_2027,Lever/palantir",https://jobs.lever.co/palantir/e27af7ab-41fc-40c9-b31d-02c6cb1c505c?utm_source=github-vansh-ouckah,2026-07-21,2026-07-27,palantirtechnologiessoftwareengineerpaloalto
,Palantir,"Software Engineer, Internship",Software Engineering,research,,unknown,unknown,US,unspecified,"Denver, CO",Unknown,,Unknown,intern,unknown,unknown,review required,high,posting,open,0,,,,,Lever/palantir,https://jobs.lever.co/palantir/373eb939-6f57-4836-8479-be79a5e07249,2026-07-21,2026-07-27,palantirsoftwareengineerdenver
,Palantir,"Software Engineer, Internship - Defense Tech",Software Engineering,,,unknown,unknown,US,unspecified,"Washington, DC (multiple US)",Summer 2027,,Unknown,intern,unknown,unknown,review required,high,posting,open,0,,,,,"sndsh404_2027,Lever/palantir",https://jobs.lever.co/palantir/f17e98d0-046a-4e6e-9d65-ed0b12dd0ff7,2026-07-21,2026-07-27,palantirsoftwareengineerdefensetechwashington
,Palantir,"Software Engineer, Internship - Defense Tech",Software Engineering,,,unknown,unknown,US,unspecified,"New York, NY",Unknown,,Unknown,intern,unknown,unknown,review required,high,posting,open,0,,,,,Lever/palantir,https://jobs.lever.co/palantir/8bcf4f33-0a79-4248-bbfd-49ac4be9dd8e,2026-07-21,2026-07-27,palantirsoftwareengineerdefensetechnewyork
,Palantir,"Software Engineer, Internship - Defense Tech",Software Engineering,,,unknown,unknown,US,unspecified,"Palo Alto, CA",Unknown,,Unknown,intern,unknown,unknown,review required,high,posting,open,0,,,,,Lever/palantir,https://jobs.lever.co/palantir/a483f41b-0da9-42ea-8ed6-cbf6eb93cc6d,2026-07-21,2026-07-27,palantirsoftwareengineerdefensetechpaloalto
,Palantir,"Software Engineer, Internship - Infrastructure",Software Engineering,,,unknown,unknown,US,unspecified,"New York, NY (multiple US)",Summer 2027,,Unknown,intern,unknown,unknown,review required,high,posting,open,0,,,,,"vanshb03_2027,sndsh404_2027,Lever/palantir",https://jobs.lever.co/palantir/b229baac-494b-4a0d-9a13-2e38806e06f3?utm_source=github-vansh-ouckah,2026-07-21,2026-07-27,palantirtechnologiessoftwareengineerinfrastructurenewyork
,Palantir,"Software Engineer, Internship - Infrastructure",Software Engineering,,,unknown,unknown,US,unspecified,"Palo Alto, CA",Unknown,,Unknown,intern,unknown,unknown,review required,high,posting,open,0,,,,,Lever/palantir,https://jobs.lever.co/palantir/f221738b-e97c-4ce3-a12a-17ada2b855e4,2026-07-21,2026-07-27,palantirsoftwareengineerinfrastructurepaloalto
,Palantir,"Software Engineer, Internship - Production Infrastructure",Software Engineering,research,,unknown,unknown,US,unspecified,"New York, NY (multiple US)",Summer 2027,,Unknown,intern,unknown,unknown,review required,high,posting,open,0,,,,,"vanshb03_2027,sndsh404_2027,Lever/palantir",https://jobs.lever.co/palantir/373367a9-3160-49d8-b7af-2efec062fad1?utm_source=github-vansh-ouckah,2026-07-21,2026-07-27,palantirtechnologiessoftwareengineerproductioninfrastructureseat
,Palantir,"Software Engineer, Internship - Production Infrastructure",Software Engineering,research,,unknown,unknown,US,unspecified,"Washington, D.C.",Unknown,,Unknown,intern,unknown,unknown,review required,high,posting,open,0,,,,,Lever/palantir,https://jobs.lever.co/palantir/3ab9e715-1ea9-4c6c-ad50-7340eac14e86,2026-07-21,2026-07-27,palantirsoftwareengineerproductioninfrastructurewashington
,Palantir,"Year at Palantir - Forward Deployed Software Engineer, Internship - Commercial",Software Engineering,"autonomy,research",,unknown,unknown,US,unspecified,"New York, NY (multiple US)",Summer 2027,,Unknown,intern,unknown,unknown,review required,high,posting,open,0,,,,,"sndsh404_2027,Lever/palantir",https://jobs.lever.co/palantir/75cc1c09-8ebd-44c8-b3bc-d122cd1fecb3,2026-07-21,2026-07-27,palantiryearatpalantirforwarddeployedsoftwareengineernewyork
,Palantir,"Year at Palantir - Forward Deployed Software Engineer, Internship - USG",Software Engineering,"autonomy,research",,unknown,unknown,US,unspecified,"Washington, D.C.",Unknown,,Unknown,intern,unknown,unknown,review required,high,posting,open,0,,,,,Lever/palantir,https://jobs.lever.co/palantir/5c4c65c5-77da-4d36-856c-4ade87631019,2026-07-21,2026-07-27,palantiryearatpalantirforwarddeployedsoftwareengineerusgwashingt
,Palantir,"Year at Palantir - Forward Deployed Software Engineer, Internship - USG",Software Engineering,"autonomy,research",,unknown,unknown,US,unspecified,"New York, NY",Unknown,,Unknown,intern,unknown,unknown,review required,high,posting,open,0,,,,,Lever/palantir,https://jobs.lever.co/palantir/5c7bb70c-83ea-43e7-8055-0c8f319f4333,2026-07-21,2026-07-27,palantiryearatpalantirforwarddeployedsoftwareengineerusgnewyork
,Palantir,"Year at Palantir - Software Engineer, Internship",Software Engineering,"autonomy,research",,unknown,unknown,US,unspecified,"New York, NY",Unknown,,Unknown,intern,unknown,unknown,review required,high,posting,open,0,,,,,Lever/palantir,https://jobs.lever.co/palantir/655f9937-a4ce-4e7d-80e2-a6659af07329,2026-07-21,2026-07-27,palantiryearatpalantirsoftwareengineernewyork
,Perplexity,AI Inference Internship ,Software Engineering,,,unknown,unknown,UK,remote,Remote - London,Unknown,,PhD,intern,unknown,unknown,review required,high,posting,open,0,,,,,Ashby/perplexity,https://jobs.ashbyhq.com/perplexity/79a07e2d-6150-4929-80fe-bbe13a641763,2026-07-21,2026-07-27,perplexityaiinferenceremotelondon
,Perplexity,Internship - Search Backend Infra Engineer,Software Engineering,,,unknown,unknown,Serbia,unspecified,Belgrade,Unknown,,Unknown,intern,unknown,unknown,review required,high,posting,open,0,,,,,Ashby/perplexity,https://jobs.ashbyhq.com/perplexity/be94e89b-89d5-4f2a-a58b-7929c8d97f92,2026-07-21,2026-07-27,perplexitysearchbackendinfraengineerbelgrade
,Perplexity,Internship - Search Machine Learning Engineer,AI / ML,research,,unknown,unknown,Serbia,unspecified,Belgrade,Unknown,,Unknown,intern,unknown,unknown,review required,high,posting,open,0,,,,,Ashby/perplexity,https://jobs.ashbyhq.com/perplexity/9246cf02-26fd-4ae8-90c5-639c6e85e9e2,2026-07-21,2026-07-27,perplexitysearchmachinelearningengineerbelgrade
,Perplexity,Internship - Search Machine Learning Engineer,AI / ML,research,,unknown,unknown,UK,unspecified,London,Unknown,,Unknown,intern,unknown,unknown,review required,high,posting,open,0,,,,,Ashby/perplexity,https://jobs.ashbyhq.com/perplexity/71168628-1998-47d3-87a9-be7bc56a430d,2026-07-21,2026-07-27,perplexitysearchmachinelearningengineerlondon
,Ramp,"Software Engineer Internship, Android ",Software Engineering,hardware,,unknown,unknown,US,remote,"Remote - New York, NY (HQ)",Unknown,,Undergraduate eligible,intern,unknown,unknown,review required,high,posting,open,0,,,,,Ashby/ramp,https://jobs.ashbyhq.com/ramp/67fadb77-43d8-4449-954b-d4cf2c6d3b8b,2026-07-21,2026-07-27,rampsoftwareengineerandroidremotenewyork
,Scale AI,AI Builder Intern,Software Engineering,,,unknown,unknown,US,unspecified,"San Francisco, CA; New York, NY",Summer 2026,,Unknown,intern,unknown,unknown,review required,high,posting,open,0,,,,,"Simplify2026,Greenhouse/scaleai",https://job-boards.greenhouse.io/scaleai/jobs/4703343005?utm_source=Simplify&ref=Simplify,2026-07-21,2026-07-27,scaleaiaibuildersf
,Stripe,"Software Engineer, Intern",Software Engineering,,,unknown,unknown,India,unspecified,Bengaluru,Unknown,,Unknown,intern,unknown,unknown,review required,high,posting,open,0,,,,,Greenhouse/stripe,https://stripe.com/jobs/search?gh_jid=8031833,2026-07-21,2026-07-27,stripesoftwareengineerbengaluru
,Together AI,"Research Intern, Inference (Fall 2026)",Software Engineering,research,,unknown,unknown,US,unspecified,San Francisco,Fall 2026,,Unknown,intern,unknown,unknown,review required,high,posting,open,0,,,,,Greenhouse/togetherai,https://job-boards.greenhouse.io/togetherai/jobs/5157759007,2026-07-21,2026-07-27,togetherairesearchinferencesanfrancisco
,Together AI,"Research Intern, Model Shaping (Fall 2026)",Software Engineering,research,,unknown,unknown,US / Netherlands,unspecified,"San Francisco, Amsterdam",Fall 2026,,Unknown,intern,unknown,unknown,review required,high,posting,open,0,,,,,Greenhouse/togetherai,https://job-boards.greenhouse.io/togetherai/jobs/5157661007,2026-07-21,2026-07-27,togetherairesearchmodelshapingsanfrancisco
,Together AI,Systems Research Engineer Intern - GPU Programming (Fall 2026),Software Engineering,research,,unknown,unknown,US,unspecified,San Francisco,Fall 2026,,Unknown,intern,unknown,unknown,review required,high,posting,open,0,,,,,Greenhouse/togetherai,https://job-boards.greenhouse.io/togetherai/jobs/5157559007,2026-07-21,2026-07-27,togetheraisystemsresearchengineergpuprogrammingsanfrancisco
,Verkada,Hardware Engineer (Fall Co-op),Software Engineering,,,unknown,unknown,US,unspecified,"San Mateo, CA United States",Fall,,Unknown,co-op,unknown,unknown,review required,high,posting,open,0,,,,,Greenhouse/verkada,https://job-boards.greenhouse.io/verkada/jobs/4321159007,2026-07-21,2026-07-27,verkadahardwareengineersanmateo
,Verkada,Technical Support Engineer - Industrial Placement 2027 (12-months),Software Engineering,,,unknown,unknown,UK,unspecified,London,2027,,Unknown,placement,unknown,unknown,review required,high,posting,open,0,,,,,Greenhouse/verkada,https://job-boards.greenhouse.io/verkada/jobs/5162206007,2026-07-21,2026-07-27,verkadatechnicalsupportengineerindustrialplacementlondon
,🔥 Meta,Research Scientist Intern - Monetization Computer Vision 🎓,AI / ML,"perception,research",,unknown,unknown,US,unspecified,"Menlo Park, CA",Summer 2026,,Advanced/unknown,intern,unknown,unknown,review required,high,posting,open,0,,,,"ADV-DEGREE,HOT",Simplify2026,https://www.metacareers.com/jobs/2281218542616482?utm_source=Simplify&ref=Simplify,2026-07-21,2026-07-27,metaresearchscientistmonetizationcomputervisionmenlopark
,🔥 Meta,Research Scientist Intern - Photorealistic Telepresence 🎓,AI / ML,research,,unknown,unknown,UK,unspecified,"London, UK",Summer 2026,,Advanced/unknown,intern,unknown,unknown,review required,high,posting,open,0,,,,"ADV-DEGREE,HOT",Simplify2026,https://www.metacareers.com/jobs/924149567345400?utm_source=Simplify&ref=Simplify,2026-07-21,2026-07-27,metaresearchscientistphotorealistictelepresencelondon
,🔥 Meta,Research Scientist Intern - State Estimation for Dexterous Manipulation,Robotics & Embodied AI,"manipulation,research",,unknown,unknown,US,unspecified,"Redmond, WA",Summer 2026,,Unknown,intern,unknown,unknown,review required,high,posting,open,0,,,,,Simplify2026,https://www.metacareers.com/jobs/2774289902955470?utm_source=Simplify&ref=Simplify,2026-07-21,2026-07-27,metaresearchscientiststateestimationfordexterousmanipulationredm
,1X,AI Residency,Robotics & Embodied AI,"embodied-ai,humanoid,robot-software,hardware,research",humanoid robotics,private-scaleup,private company; verify offer,US,unspecified,"San Carlos, CA",Unknown,,Undergraduate eligible,fellowship,unknown,unknown,review required,,posting,open,0,,2026-07-24,,,Ashby/1x,https://jobs.ashbyhq.com/1x/5b2b4c73-13b5-46ca-8467-8024741a4b57,2026-07-24,2026-07-27,1xairesidencysancarlos
,ABC News,Product Management and Engineering Intern,Software Engineering,,,unknown,unknown,US,unspecified,"New York, NY",Summer/Fall 2026,,Unknown,intern,unknown,unknown,review required,,posting,open,0,,,,,vanshb03_2027,https://jobs.disneycareers.com/job/new-york/abc-news-product-management-and-engineering-intern-summer-fall-2026/391/93958488896?utm_source=github-vansh-ouckah,2026-07-21,2026-07-27,abcnewsproductmanagementandengineernewyork
,ACI Worldwide,Software Engineering Intern,Software Engineering,,,unknown,unknown,US,unspecified,"Norcross, GA",Summer 2026,,Unknown,intern,unknown,unknown,review required,,posting,open,0,,,,,Simplify2026,https://ebwg.fa.us2.oraclecloud.com/hcmUI/CandidateExperience/en/sites/CX/job/19501?utm_source=Simplify&ref=Simplify,2026-07-21,2026-07-27,aciworldwidesoftwareengineernorcross
,ANYbotics,Product Data Management Internship,Robotics & Embodied AI,"autonomy,controls,robot-software,hardware",legged robots,private-scaleup,private company; verify offer,Switzerland,unspecified,"Zurich, Switzerland",Unknown,,Unknown,intern,unknown,unknown,review required,,posting,open,0,,2026-07-24,,,Lever/anybotics,https://jobs.lever.co/anybotics/74b68707-86aa-4efc-9efb-94ca5ad82698,2026-07-24,2026-07-27,anyboticsproductdatamanagementzurich
,ANYbotics,Robotics Lab Technician Intern,Robotics & Embodied AI,"autonomy,robot-software,hardware",legged robots,private-scaleup,private company; verify offer,Switzerland,unspecified,"Zurich, Switzerland",Unknown,,Unknown,intern,unknown,unknown,review required,,posting,open,0,,2026-07-24,,,Lever/anybotics,https://jobs.lever.co/anybotics/9755ae0f-f740-40bc-bc13-be52c505748b,2026-07-24,2026-07-27,anyboticsroboticslabtechnicianzurich
,ASM,Software Engineering Intern (Spring 2027),Software Engineering,,,unknown,unknown,Unknown,unspecified,,Spring 2027,,Unknown,intern,unknown,unknown,review required,,posting,open,0,,,,,sndsh404_2027,https://www.asm.com/open-vacancies/software-engineering-intern-spring-2027-4830113101?gh_jid=4830113101,2026-07-21,2026-07-27,asmsoftwareengineer
,Abundant,"Software Engineering Intern, Research Focused 🇺🇸",Software Engineering,research,,unknown,unknown,US,unspecified,"San Francisco, CA",Summer 2027,,Unknown,intern,US citizenship required,unknown,review required,,posting,open,0,,,CITIZENSHIP REVIEW,US-CITIZEN-ONLY,vanshb03_2027,https://www.workatastartup.com/jobs/94634?utm_source=github-vansh-ouckah,2026-07-21,2026-07-27,abundantsoftwareengineerresearchfocusedsanfrancisco
,Affinius Capital,Data Scientist Intern,Data,,,unknown,unknown,US,unspecified,"San Antonio, TX",Summer 2027,,Unknown,intern,unknown,unknown,review required,,posting,open,0,,,,,sndsh404_2027,https://careers-affiniuscapital.icims.com/jobs/2284/summer-2027-data-scientist-intern/job,2026-07-21,2026-07-27,affiniuscapitaldatascientistsanantonio
,AfterQuery,Software Engineer Intern,Software Engineering,,,unknown,unknown,US,unspecified,SF,Summer 2026,,Unknown,intern,unknown,unknown,review required,,posting,open,0,,,,,Simplify2026,https://jobs.ashbyhq.com/AfterQuery/83ca470d-b1f7-41d6-935f-c1f2b8243e4b/application?utm_source=Simplify&ref=Simplify,2026-07-21,2026-07-27,afterquerysoftwareengineersf
,Al Warren Oil Company,Software Developer Intern,Software Engineering,,,unknown,unknown,US,unspecified,"Bensenville, IL",Summer 2027,,Unknown,intern,unknown,unknown,review required,,posting,open,0,,,,,vanshb03_2027,https://apply.workable.com/al-warren-oil-company-inc/j/A4487B349D/?utm_source=github-vansh-ouckah,2026-07-21,2026-07-27,alwarrenoilcompanysoftwareengineerbensenville
,Altasciences,Software Engineer Intern,Software Engineering,,,unknown,unknown,US,unspecified,"Overland Park, KS",Summer 2026,,Unknown,intern,unknown,unknown,review required,,posting,open,0,,,,,Simplify2026,https://altasciences.wd1.myworkdayjobs.com/Careers/job/Overland-Park-Kansas/Process-Innovation---Software-Engineering-Intern_R102750?utm_source=Simplify&ref=Simplify,2026-07-24,2026-07-27,altasciencessoftwareengineeroverlandpark
,Ancestry,Machine Learning Engineer Co-op 🎓,AI / ML,,,unknown,unknown,US,remote,Remote in USA,Summer 2026,,Advanced/unknown,co-op,unknown,unknown,review required,,posting,open,0,,,,ADV-DEGREE,Simplify2026,https://ancestry.wd501.myworkdayjobs.com/Careers/job/Remote/Machine-Learning-Engineer--Co-op_R003378?utm_source=Simplify&ref=Simplify,2026-07-21,2026-07-27,ancestrymachinelearningengineerremoteinusa
,Anduril,2027 Electrical Engineer Intern,Robotics & Embodied AI,hardware,autonomous systems,private-scaleup,private company; verify offer,US,unspecified,"Atlanta, Georgia, United States; Boston, Massachusetts, United States; Costa Mesa, California, United States; Irvine, California, United States; Reston, Virginia, United States; Seattle, Washington, United States",2027,,Unknown,intern,unknown,unknown,review required,,posting,open,0,,2026-07-24,,,Greenhouse/andurilindustries,https://boards.greenhouse.io/andurilindustries/jobs/5148101007?gh_jid=5148101007,2026-07-24,2026-07-27,andurilelectricalengineeratlanta
,Anduril,2027 Manufacturing Engineer Intern,Robotics & Embodied AI,,autonomous systems,private-scaleup,private company; verify offer,US,unspecified,"Atlanta, Georgia, United States; Boston, Massachusetts, United States; Costa Mesa, California, United States; Irvine, California, United States; Seattle, Washington, United States",2027,,Unknown,intern,unknown,unknown,review required,,posting,open,0,,2026-07-24,,,Greenhouse/andurilindustries,https://boards.greenhouse.io/andurilindustries/jobs/5153218007?gh_jid=5153218007,2026-07-24,2026-07-27,andurilmanufacturingengineeratlanta
,Anduril,2027 Mechanical Engineer Intern,Robotics & Embodied AI,hardware,autonomous systems,private-scaleup,private company; verify offer,US,unspecified,"Atlanta, Georgia, United States; Boston, Massachusetts, United States; Costa Mesa, California, United States; Irvine, California, United States; Reston, Virginia, United States; Seattle, Washington, United States",2027,,Unknown,intern,unknown,unknown,review required,,posting,open,0,,2026-07-24,,,Greenhouse/andurilindustries,https://boards.greenhouse.io/andurilindustries/jobs/5153187007?gh_jid=5153187007,2026-07-24,2026-07-27,andurilmechanicalengineeratlanta
,Anduril,Software Engineer Intern,Robotics & Embodied AI,,autonomous systems,private-scaleup,private company; verify offer,US,unspecified,"**6 locations** Atlanta, GA / Boston, MA / Costa Mesa, CA / Irvine, CA / Reston, VA / Seattle, WA",Ambiguous,,Unknown,intern,US citizenship required,unknown,review required,,posting,open,0,,,CITIZENSHIP REVIEW,US-CITIZEN-ONLY,"vanshb03_2027,sndsh404_2027,Greenhouse/andurilindustries",https://job-boards.greenhouse.io/andurilindustries/jobs/5148079007?gh_jid=5148079007&utm_source=github-vansh-ouckah,2026-07-21,2026-07-27,andurilsoftwareengineer6locationsatlanta
,"Apex Technology, Inc.","Software Engineering Intern, Embedded Systems",Software Engineering,hardware,,unknown,unknown,US,unspecified,Los Angeles,Summer 2027,,Unknown,intern,unknown,unknown,review required,,posting,open,0,,,,,vanshb03_2027,https://jobs.ashbyhq.com/apex-technology-inc/5ec2dfa9-724d-4ce4-ab97-5067ec747f11?utm_source=github-vansh-ouckah,2026-07-21,2026-07-27,apextechnologyincsoftwareengineerembeddedsystemslosangeles
,Apogee Engineering,Systems Architect Apprentice,Software Engineering,,,unknown,unknown,US,unspecified,"Wright-Patterson AFB, OH",Summer 2026,,Unknown,apprenticeship,unknown,unknown,review required,,posting,open,0,,,,,Simplify2026,https://careers-apogeeusa.icims.com/jobs/1448/job?mobile=true&needsRedirect=false&utm_source=Simplify&ref=Simplify,2026-07-21,2026-07-27,apogeeengineeringsystemsarchitectapprenticewrightpattersonafb
,Appian,Software Engineer Intern,Software Engineering,,,unknown,unknown,US,unspecified,"McLean, VA",Ambiguous,,Unknown,intern,unknown,unavailable,work-rights review,,posting,open,0,,,,NO-SPONSORSHIP,"Simplify2026,vanshb03_2027",https://job-boards.greenhouse.io/appian/jobs/8041237?utm_source=Simplify&ref=Simplify,2026-07-24,2026-07-27,appiansoftwareengineermclean
,Applied Intuition,"Research Intern - 3D Vision and Generation, Self-Driving",Robotics & Embodied AI,"embodied-ai,humanoid,perception,autonomy,research",autonomy tooling,private-scaleup,private company; verify offer,US,unspecified,"Sunnyvale, CA",Summer 2026,,PhD,intern,unknown,unknown,review required,,posting,open,0,,,,ADV-DEGREE,"Simplify2026,Ashby/applied",https://jobs.ashbyhq.com/applied/91e0686e-272a-4780-b33d-d7860b94a7b4/application?utm_source=Simplify&ref=Simplify,2026-07-21,2026-07-27,appliedintuitionresearchdvisionandgenerationselfdrivingsunnyvale
,Applied Intuition,"Research Intern - Reinforcement Learning, Robotics",Robotics & Embodied AI,"humanoid,perception,autonomy,manipulation,research",autonomy tooling,private-scaleup,private company; verify offer,US,unspecified,Sunnyvale,Unknown,,PhD,intern,unknown,unknown,review required,,posting,open,0,,2026-07-24,,,Ashby/applied,https://jobs.ashbyhq.com/applied/bb953f29-0059-4a40-aa9e-3a8c88733902,2026-07-24,2026-07-27,appliedintuitionresearchreinforcementlearningroboticssunnyvale
,Applied Intuition,"Research Intern - Reinforcement Learning, Self-Driving",Robotics & Embodied AI,"humanoid,perception,autonomy,research",autonomy tooling,private-scaleup,private company; verify offer,US,unspecified,"Sunnyvale, CA",Summer 2026,,PhD,intern,unknown,unknown,review required,,posting,open,0,,,,ADV-DEGREE,"Simplify2026,Ashby/applied",https://jobs.ashbyhq.com/applied/ce58d9fd-f22b-4336-80b5-ba1e8d764526/application?utm_source=Simplify&ref=Simplify,2026-07-21,2026-07-27,appliedintuitionresearchreinforcementlearningselfdrivingsunnyval
,Applied Intuition,"Research Intern - Robotic Hardware, Simulation and Data",Robotics & Embodied AI,"humanoid,perception,autonomy,research",autonomy tooling,private-scaleup,private company; verify offer,US,unspecified,"Sunnyvale, CA",Summer 2026,,PhD,intern,unknown,unknown,review required,,posting,open,0,,,,ADV-DEGREE,"Simplify2026,Ashby/applied",https://jobs.ashbyhq.com/applied/5bb0567a-8d07-4cc4-be7c-c06b31361883/application?utm_source=Simplify&ref=Simplify,2026-07-21,2026-07-27,appliedintuitionresearchrobotichardwaresimulationanddatasunnyval
,Applied Intuition,"Research Intern - World-Action Foundation Model, Robotics",Robotics & Embodied AI,"embodied-ai,humanoid,perception,autonomy,research",autonomy tooling,private-scaleup,private company; verify offer,US,unspecified,Sunnyvale,Unknown,,PhD,intern,unknown,unknown,review required,,posting,open,0,,2026-07-24,,,Ashby/applied,https://jobs.ashbyhq.com/applied/edc2528d-6e6c-4a67-b871-bfe7d9c890b4,2026-07-24,2026-07-27,appliedintuitionresearchworldactionfoundationmodelroboticssunnyv
,Apptronik,Robotics Software Intern – Real-Time Controls,Robotics & Embodied AI,"controls,robot-software",humanoid robotics,private-scaleup,private company; verify offer,US,unspecified,"Austin, TX",Unknown,,Unknown,intern,unknown,unknown,review required,,posting,open,0,,2026-07-24,,,Greenhouse/apptronik,https://boards.greenhouse.io/apptronik/jobs/5985132004?gh_jid=5985132004,2026-07-24,2026-07-27,apptronikroboticssoftwarerealtimecontrolsaustin
,Aquatic,Software Engineer Intern,Software Engineering,,,unknown,unknown,US,unspecified,"Chicago, IL",Summer 2027,,Unknown,intern,unknown,unknown,review required,,posting,open,0,,,,,"vanshb03_2027,sndsh404_2027",https://job-boards.greenhouse.io/embed/job_app?for=aquaticcapitalmanagement&jr_id=6a06fd77152f493123c4b595&token=8489233002&utm_source=github-vansh-ouckah,2026-07-21,2026-07-27,aquaticsoftwareengineerchicago
,Aquatic Capital,Quantitative Researcher Intern,Quant,,,unknown,unknown,US,unspecified,"Chicago, IL",Summer 2027,,Unknown,intern,unknown,unknown,review required,,posting,open,0,,,,,sndsh404_2027,https://job-boards.greenhouse.io/aquaticcapitalmanagement/jobs/8489186002,2026-07-21,2026-07-27,aquaticcapitalquantitativeresearcherchicago
,Arrowstreet Capital,Quantitative Developer Intern,Quant,,,unknown,unknown,US,unspecified,"Boston, MA",Summer 2027,,Unknown,intern,unknown,unknown,review required,,posting,open,0,,,,,sndsh404_2027,https://arrowstreetcapital.wd5.myworkdayjobs.com/Campus_Careers/job/Boston/Quantitative-Developer-Intern--Summer-2027_R1506,2026-07-21,2026-07-27,arrowstreetcapitalquantitativeengineerboston
,Arrowstreet Capital,Quantitative Researcher Intern,Quant,,,unknown,unknown,US,unspecified,"Boston, MA",Summer 2027,,Unknown,intern,unknown,unknown,review required,,posting,open,0,,,,,sndsh404_2027,https://arrowstreetcapital.wd5.myworkdayjobs.com/Campus_Careers/job/Boston/Quantitative-Researcher-Intern--Summer-2027_R1505,2026-07-21,2026-07-27,arrowstreetcapitalquantitativeresearcherboston
,Astera Labs,Design Verification Engineer Intern,Software Engineering,,,unknown,unknown,Canada,unspecified,"Toronto, ON, Canada",2026,,Unknown,intern,unknown,unknown,review required,,posting,open,0,,,,,Simplify2026,https://job-boards.greenhouse.io/asteraearlycareer2026/jobs/4611422005?utm_source=Simplify&ref=Simplify,2026-07-21,2026-07-27,asteralabsdesignverificationengineertoronto
,Astera Labs,Firmware Engineer Intern,Software Engineering,hardware,,unknown,unknown,Canada,unspecified,"Vancouver, BC, Canada",2026,,Unknown,intern,unknown,unknown,review required,,posting,open,0,,,,,Simplify2026,https://job-boards.greenhouse.io/asteraearlycareer2026/jobs/4609356005?utm_source=Simplify&ref=Simplify,2026-07-21,2026-07-27,asteralabsfirmwareengineervancouver
,Autodesk,AI in Design & Manufacturing Intern 🎓,Software Engineering,,,unknown,unknown,Canada,unspecified,"Toronto, ON, Canada",Summer 2026,,Advanced/unknown,intern,unknown,unknown,review required,,posting,open,0,,,,ADV-DEGREE,Simplify2026,https://autodesk.wd1.myworkdayjobs.com/uni/job/AMER---Canada---Ontario---Toronto---University-Ave/Intern--Model-Based-Systems-Engineering_26WD94900-2?utm_source=Simplify&ref=Simplify,2026-07-21,2026-07-27,autodeskaiindesignmanufacturingtoronto
,Autodesk,Software Developer Intern - Stagiaire en Développement Logiciel,Software Engineering,,,unknown,unknown,Canada,unspecified,Canada,Summer 2026,,Unknown,intern,unknown,unknown,review required,,posting,open,0,,,,,Simplify2026,https://autodesk.wd1.myworkdayjobs.com/Ext/job/Quebec-CAN---Remote/Intern-Software-Developer--Stagiaire-en-Dveloppement-Logiciel_26WD98603-2?utm_source=Simplify&ref=Simplify,2026-07-21,2026-07-27,autodesksoftwareengineerstagiaireendveloppementlogicielcanada
,Avanade,Software Engineering Intern,Software Engineering,,,unknown,unknown,US,unspecified,"Los Angeles, CA / Seattle, WA",2026,,Unknown,intern,unknown,unknown,review required,,posting,open,0,,,,,vanshb03_2027,https://accenture.wd103.myworkdayjobs.com/en-GB/AvanadeCareers/job/Los-Angeles-6181-W-Centinela-Ave-Corp/Intern--Software-Engineering---June-2026_R00319370?jr_id=69e6a556f8fa2f3ec32a3173&utm_source=github-vansh-ouckah,2026-07-21,2026-07-27,avanadesoftwareengineerlosangeles
,BAE Systems,Software Engineering Intern I (Summer 2027) 🇺🇸,Software Engineering,,,unknown,unknown,US,unspecified,"Nashua, NH",Summer 2027,,Unknown,intern,US citizenship required,unknown,review required,,posting,open,0,,,CITIZENSHIP REVIEW,US-CITIZEN-ONLY,sndsh404_2027,https://jobs.baesystems.com/global/en/job/BAE1US127293BREXTERNAL/Software-Engineering-Intern-I-Summer-2027,2026-07-21,2026-07-27,baesystemssoftwareengineerinashua
,Baird,Equity Research Analyst Intern 🛂,Software Engineering,research,,unknown,unknown,US,unspecified,"Milwaukee, WI",Summer 2027,,Unknown,intern,unknown,unavailable,work-rights review,,posting,open,0,,,,NO-SPONSORSHIP,sndsh404_2027,https://www.bairdcareers.com/jobs/r20251244/internship-equity-research-analyst-summer-2027/,2026-07-21,2026-07-27,bairdequityresearchanalystmilwaukee
,Baker Hughes,Mechanical Production Engineering Apprentice,Software Engineering,hardware,,unknown,unknown,UK,unspecified,"Bristol, UK",2026,,Unknown,apprenticeship,unknown,unknown,review required,,posting,open,0,,,,,Simplify2026,https://bakerhughes.wd5.myworkdayjobs.com/BakerHughes/job/GB-SO-NAILSEA-2-HIGH-STREET/Emerging-Talent---Mechanical-Production-Engineering-Apprentice-2026--Nailsea-_R165830?utm_source=Simplify&ref=Simplify,2026-07-24,2026-07-27,bakerhughesmechanicalproductionengineerapprenticebristol
,Bank of America,"Global Technology Summer Analyst, Business Analyst 🛂",Software Engineering,,,unknown,unknown,US,unspecified,multiple US,Summer,,Unknown,summer-analyst,unknown,unavailable,work-rights review,,posting,open,0,,,,NO-SPONSORSHIP,sndsh404_2027,https://careers.bankofamerica.com/en-us/students/job-detail/14419/global-technology-summer-analyst-2027-business-analyst-multiple-locations,2026-07-21,2026-07-27,bankofamericaglobaltechnologysummeranalystbusinessanalystmultipl
,Bank of America,"Global Technology Summer Analyst, Cybersecurity Analyst 🛂",Software Engineering,,,unknown,unknown,US,unspecified,multiple US,Summer,,Unknown,summer-analyst,unknown,unavailable,work-rights review,,posting,open,0,,,,NO-SPONSORSHIP,sndsh404_2027,https://careers.bankofamerica.com/en-us/students/job-detail/14391/global-technology-summer-analyst-2027-cybersecurity-analyst-multiple-locations,2026-07-21,2026-07-27,bankofamericaglobaltechnologysummeranalystcybersecurityanalystmu
,Bank of America,Quantitative Data Analyst Summer Analyst,Quant,,,unknown,unknown,US,unspecified,multiple US,Summer,,Unknown,summer-analyst,unknown,unknown,review required,,posting,open,0,,,,,sndsh404_2027,https://careers.bankofamerica.com/en-us/students/job-detail/14420/quantitative-data-analyst-summer-analyst-program-multiple-locations,2026-07-21,2026-07-27,bankofamericaquantitativedataanalystsummeranalystmultipleus
,Beyondsoft,Software Engineer Intern,Software Engineering,,,unknown,unknown,US,unspecified,United States,Summer 2026,,Unknown,intern,unknown,unknown,review required,,posting,open,0,,,,,Simplify2026,https://careers-beyondsoft.icims.com/jobs/10912/job?mobile=true&needsRedirect=false&utm_source=Simplify&ref=Simplify,2026-07-21,2026-07-27,beyondsoftsoftwareengineerunitedstates
,Bloxd,Software Engineer Intern,Software Engineering,,,unknown,unknown,UK,unspecified,"London, UK",Summer 2026,,Unknown,intern,unknown,unknown,review required,,posting,open,0,,,,,Simplify2026,https://jobs.ashbyhq.com/bloxd/7ade559a-d07d-4ffe-b6ec-c79e41632474/application?embed=true&utm_source=Simplify&ref=Simplify,2026-07-21,2026-07-27,bloxdsoftwareengineerlondon
,Blue Origin,Avionics Software Intern (Spring 2027) 🇺🇸,Software Engineering,,,unknown,unknown,US,unspecified,"Seattle, WA (multiple US)",Spring 2027,,Unknown,intern,US citizenship required,unknown,review required,,posting,open,0,,,CITIZENSHIP REVIEW,US-CITIZEN-ONLY,sndsh404_2027,https://blueorigin.wd5.myworkdayjobs.com/en-US/BlueOrigin/job/Greater-Seattle-Area/Spring-2027-Avionics-Software-Internship---Undergraduate_R66213,2026-07-21,2026-07-27,blueoriginavionicssoftwareseattle
,Blue Origin,Software Developer Intern (Spring 2027) 🇺🇸,Software Engineering,,,unknown,unknown,US,unspecified,"Seattle, WA (multiple US)",Spring 2027,,Unknown,intern,US citizenship required,unknown,review required,,posting,open,0,,,CITIZENSHIP REVIEW,US-CITIZEN-ONLY,sndsh404_2027,https://blueorigin.wd5.myworkdayjobs.com/en-US/BlueOrigin/job/Greater-Seattle-Area/Spring-2027--Software-Developer-Internship---Undergraduate_R66216,2026-07-21,2026-07-27,blueoriginsoftwareengineerseattle
,Blue River Technology,Machine Learning Intern - Autonomy,AI / ML,autonomy,,unknown,unknown,US,unspecified,"Santa Clara, CA",Summer 2026,,Unknown,intern,unknown,unknown,review required,,posting,open,0,,,,,Simplify2026,https://www.bluerivertechnology.com/job/?gh_jid=7947246&utm_source=Simplify&ref=Simplify,2026-07-21,2026-07-27,bluerivertechnologymachinelearningautonomysantaclara
,Bosch Home Comfort,Hardware Prototyping Intern - Data Center Rack 🎓,Software Engineering,,,unknown,unknown,US,unspecified,"Sunnyvale, CA",Summer 2026,,Advanced/unknown,intern,unknown,unknown,review required,,posting,open,0,,,,ADV-DEGREE,Simplify2026,https://jobs.smartrecruiters.com/BoschGroup/744000134543799?utm_source=Simplify&ref=Simplify,2026-07-21,2026-07-27,boschhomecomforthardwareprototypingdatacenterracksunnyvale
,Bot Auto,"Intern, Deep Learning Engineer",Robotics & Embodied AI,,autonomous trucking,startup,private company; verify offer,US,unspecified,"Houston, TX",Unknown,,Unknown,intern,unknown,unknown,review required,,posting,open,0,,2026-07-24,,,Greenhouse/botauto,https://job-boards.greenhouse.io/botauto/jobs/5289440008,2026-07-24,2026-07-27,botautodeeplearningengineerhouston
,ByteDance,"Student Researcher, Multimodal Interaction & World Model (Seed)",Software Engineering,,,unknown,unknown,US,unspecified,"San Jose, CA",Summer 2027,,Unknown,other,unknown,unknown,review required,,posting,open,0,,,,,sndsh404_2027,https://joinbytedance.com/search/7623548747208739077,2026-07-21,2026-07-27,bytedancestudentresearchermultimodalinteractionworldmodelsanjose
,ByteDance,"Student Researcher, Vision Foundation Model (Seed)",Software Engineering,embodied-ai,,unknown,unknown,US,unspecified,"San Jose, CA",Summer 2027,,Unknown,other,unknown,unknown,review required,,posting,open,0,,,,,sndsh404_2027,https://joinbytedance.com/search/7623544831999346997,2026-07-21,2026-07-27,bytedancestudentresearchervisionfoundationmodelsanjose
,CAE,Configuration and Data Management Analyst Co-op,Software Engineering,,,unknown,unknown,US,unspecified,"Little Rock, AR",Summer 2026,,Unknown,co-op,unknown,unknown,review required,,posting,open,0,,,,,Simplify2026,https://cae.wd3.myworkdayjobs.com/career/job/Little-Rock/Configuration-and-Data-Management-Analyst-Co-Op_122365?utm_source=Simplify&ref=Simplify,2026-07-21,2026-07-27,caeconfigurationanddatamanagementanalystlittlerock
,CAE,Data Specialist Intern,Software Engineering,,,unknown,unknown,Canada,unspecified,"Montreal, QC, Canada",Summer 2026,,Unknown,intern,unknown,unknown,review required,,posting,open,0,,,,,Simplify2026,https://cae.wd3.myworkdayjobs.com/career/job/Montreal-St-Laurent/C-IT-105--Data-Specialist-intern_122741?utm_source=Simplify&ref=Simplify,2026-07-21,2026-07-27,caedataspecialistmontreal
,CTGT,"Software Engineering Intern / Research Intern, Interpretability (Summer 2027)",Software Engineering,research,,unknown,unknown,US,unspecified,"San Francisco, CA",Summer 2027,,Unknown,intern,unknown,unknown,review required,,posting,open,0,,,,,sndsh404_2027,https://www.ycombinator.com/companies/ctgt/jobs/b3hTkK4-software-engineering-intern-summer-2027,2026-07-21,2026-07-27,ctgtsoftwareengineerresearchinterpretabilitysanfrancisco
,Capital One,Data Analyst Intern,Software Engineering,,,unknown,unknown,US,unspecified,"Mclean, VA",Summer 2027,,Unknown,intern,unknown,unknown,review required,,posting,open,0,,,,,vanshb03_2027,https://www.capitalonecareers.com/job/mclean/data-analyst-intern-summer-2027/31238/97421687472?utm_source=github-vansh-ouckah,2026-07-21,2026-07-27,capitalonedataanalystmclean
,Centerfield,Data Science Intern,Software Engineering,,,unknown,unknown,US,unspecified,LA,Summer 2026,,Unknown,intern,unknown,unknown,review required,,posting,open,0,,,,,Simplify2026,https://jobs.ashbyhq.com/centerfield/916dcf42-d69a-4f00-875a-f8fe630e0f33/application?utm_source=Simplify&ref=Simplify,2026-07-21,2026-07-27,centerfielddatasciencela
,Centerfield,Software Engineer Intern,Software Engineering,,,unknown,unknown,US,unspecified,LA,Summer 2026,,Unknown,intern,unknown,unknown,review required,,posting,open,0,,,,,Simplify2026,https://jobs.ashbyhq.com/centerfield/3279e803-56ab-4e12-8168-c2fd60bc8e60/application?utm_source=Simplify&ref=Simplify,2026-07-21,2026-07-27,centerfieldsoftwareengineerla
,Chicago Trading Company,Quant Trading Intern (Summer 2027),Quant,,,unknown,unknown,US,unspecified,"Chicago, IL",Summer 2027,,Unknown,intern,unknown,unknown,review required,,posting,open,0,,,,,sndsh404_2027,https://job-boards.greenhouse.io/ctccampusboard/jobs/4708188005,2026-07-21,2026-07-27,chicagotradingcompanyquanttradingchicago
,Circleback,Software Engineering Intern (Summer 2027) 🛂,Software Engineering,,,unknown,unknown,US,unspecified,"San Francisco, CA",Summer 2027,,Unknown,intern,unknown,unavailable,work-rights review,,posting,open,0,,,,NO-SPONSORSHIP,sndsh404_2027,https://www.ycombinator.com/companies/circleback/jobs/QMpriul-software-engineering-intern-summer-2027,2026-07-21,2026-07-27,circlebacksoftwareengineersanfrancisco
,Citi,Markets Quantitative Analysis Summer Analyst,Quant,,,unknown,unknown,US,unspecified,"New York, NY",Summer,,Unknown,summer-analyst,unknown,unknown,review required,,posting,open,0,,,,,sndsh404_2027,https://jobs.citi.com/job/new-york/markets-quantitative-analysis-summer-analyst-new-york-city-us-2027/287/89809477472,2026-07-21,2026-07-27,citimarketsquantitativeanalysissummeranalystnewyork
,Clarity Innovations,Junior Software Engineer Intern,Software Engineering,,,unknown,unknown,US,unspecified,"Reston, VA",Summer 2026,,Unknown,intern,unknown,unknown,review required,,posting,open,0,,,,,Simplify2026,https://job-boards.greenhouse.io/clarityinnovates/jobs/5155449007?utm_source=Simplify&ref=Simplify,2026-07-21,2026-07-27,clarityinnovationsjuniorsoftwareengineerreston
,Clera,Founding Engineer Intern,Software Engineering,,,unknown,unknown,US,unspecified,SF,Summer 2026,,Unknown,intern,unknown,unknown,review required,,posting,open,0,,,,,Simplify2026,https://jobs.ashbyhq.com/clera/d3c69268-3324-4a84-b911-7a4303672767/application?utm_source=Simplify&ref=Simplify,2026-07-21,2026-07-27,clerafoundingengineersf
,CloudFit Software,"Summer Intern, Early Interest (Software / AI/ML / Cyber) 🇺🇸",Software Engineering,,,unknown,unknown,US,unspecified,"Lynchburg, VA",Summer,,Unknown,intern,US citizenship required,unknown,review required,,posting,open,0,,,CITIZENSHIP REVIEW,US-CITIZEN-ONLY,sndsh404_2027,https://cloudfitsoftware.applytojob.com/apply/oaG5GcybAo,2026-07-21,2026-07-27,cloudfitsoftwaresummerearlyinterestlynchburg
,Copart,Database Engineer Intern,Software Engineering,,,unknown,unknown,US,unspecified,"Dallas, TX",Summer 2026,,Unknown,intern,unknown,unknown,review required,,posting,open,0,,,,,Simplify2026,https://copart.wd12.myworkdayjobs.com/copart/job/Dallas-TX---Headquarters/Database-Engineering-Intern_JR109636?utm_source=Simplify&ref=Simplify,2026-07-24,2026-07-27,copartdatabaseengineerdallas
,Copart,Software Engineer Intern,Software Engineering,,,unknown,unknown,US,unspecified,"Dallas, TX",Ambiguous,,Unknown,intern,unknown,unknown,review required,,posting,open,0,,,,,"Simplify2026,vanshb03_2027",https://copart.wd12.myworkdayjobs.com/copart/job/Dallas-TX---Headquarters/Software-Engineering-Intern_JR109672?utm_source=Simplify&ref=Simplify,2026-07-21,2026-07-27,copartsoftwareengineerdallas
,Core & Main,Data Engineering Intern,Software Engineering,,,unknown,unknown,US,unspecified,"St. Louis, MO",Summer 2026,,Unknown,intern,unknown,unknown,review required,,posting,open,0,,2026-07-25,,,Simplify2026,https://coreandmain.wd1.myworkdayjobs.com/en-US/coreandmain/job/Saint-Louis-MO-63146/Intern---Data-Engineering----Corp_45804?utm_source=Simplify&ref=Simplify,2026-07-25,2026-07-27,coremaindataengineerstlouis
,CoreWeave,Data Center Apprentice,Software Engineering,,,unknown,unknown,US,unspecified,"Denton, TX / Calhoun, GA / Aberdeen, SD",Summer 2026,,Unknown,apprenticeship,unknown,unknown,review required,,posting,open,0,,2026-07-24,,,"Simplify2026,Greenhouse/coreweave",https://coreweave.com/careers/job?4694103006&board=coreweave&gh_jid=4694103006&utm_source=Simplify&ref=Simplify,2026-07-24,2026-07-27,coreweavedatacenterapprenticedenton
,Cotiviti,Agentic AI Research Intern,Software Engineering,research,,unknown,unknown,US,remote,Remote in USA,Summer 2026,,Unknown,intern,unknown,unknown,review required,,posting,open,0,,,,,Simplify2026,https://careers-cotiviti.icims.com/jobs/19416/job?mobile=true&needsRedirect=false&utm_source=Simplify&ref=Simplify,2026-07-21,2026-07-27,cotivitiagenticairesearchremoteinusa
,Cotiviti,Generative AI Research Engineer Intern 🎓,Software Engineering,research,,unknown,unknown,US,remote,Remote in USA,Summer 2026,,Advanced/unknown,intern,unknown,unknown,review required,,posting,open,0,,,,ADV-DEGREE,Simplify2026,https://careers-cotiviti.icims.com/jobs/19341/job?mobile=true&needsRedirect=false&utm_source=Simplify&ref=Simplify,2026-07-21,2026-07-27,cotivitigenerativeairesearchengineerremoteinusa
,Cybernetic Labs,Forward Deployed Engineer Intern,Software Engineering,,,unknown,unknown,US,unspecified,SF,Summer 2026,,Unknown,intern,unknown,unknown,review required,,posting,open,0,,,,,Simplify2026,https://jobs.ashbyhq.com/netic/ffd6af1a-cebb-41f5-ac1d-e695adfd067c/application?embed=true&utm_source=Simplify&ref=Simplify,2026-07-21,2026-07-27,cyberneticlabsforwarddeployedengineersf
,Cybernetic Labs,Full-Stack Software Engineer Intern - Product,Software Engineering,,,unknown,unknown,US,unspecified,SF,Summer 2026,,Unknown,intern,unknown,unknown,review required,,posting,open,0,,,,,Simplify2026,https://jobs.ashbyhq.com/netic/f291394a-f3c5-4f46-9b87-77aea3d487ef/application?embed=true&utm_source=Simplify&ref=Simplify,2026-07-21,2026-07-27,cyberneticlabsfullstacksoftwareengineerproductsf
,Cybernetic Labs,Software Engineer Intern - Agent Platform,Software Engineering,,,unknown,unknown,US,unspecified,"San Francisco, CA",2026,,Unknown,intern,unknown,unknown,review required,,posting,open,0,,,,,"Simplify2026,sndsh404_2027",https://jobs.ashbyhq.com/netic/b0ea7aab-8eea-4d31-96f9-278364180ae7/application?embed=true&utm_source=Simplify&ref=Simplify,2026-07-21,2026-07-27,cyberneticlabssoftwareengineeragentplatformsf
,D. E. Shaw,Quantitative Analyst Intern,Quant,,,unknown,unknown,US,unspecified,"New York, NY",Summer 2027,,Unknown,intern,unknown,unknown,review required,,posting,open,0,,,,,sndsh404_2027,https://www.deshaw.com/careers/quantitative-analyst-ph-d-intern-new-york-summer-2027-5891,2026-07-21,2026-07-27,deshawquantitativeanalystnewyork
,D. E. Shaw,Systems Engineering Intern,Software Engineering,,,unknown,unknown,US,unspecified,"New York, NY",Summer 2027,,Unknown,intern,unknown,unknown,review required,,posting,open,0,,,,,sndsh404_2027,https://www.deshaw.com/careers/systems-engineering-intern-new-york-summer-2027-5916,2026-07-21,2026-07-27,deshawsystemsengineernewyork
,DTCC,Information Technology Intern (2027 Summer) 🛂,Software Engineering,,,unknown,unknown,US,unspecified,"Jersey City, NJ (multiple US)",Summer 2027,,Unknown,intern,unknown,unavailable,work-rights review,,posting,open,0,,,,NO-SPONSORSHIP,sndsh404_2027,https://ebxr.fa.us2.oraclecloud.com/hcmUI/CandidateExperience/en/sites/CX_1/job/214158,2026-07-21,2026-07-27,dtccinformationtechnologyjerseycity
,Dedalus Labs,Forward Deployed Engineer Intern 🇺🇸,Software Engineering,,,unknown,unknown,US,unspecified,"San Francisco, CA",Summer 2027,,Unknown,intern,US citizenship required,unknown,review required,,posting,open,0,,,CITIZENSHIP REVIEW,US-CITIZEN-ONLY,vanshb03_2027,https://www.workatastartup.com/jobs/94400?utm_source=github-vansh-ouckah,2026-07-21,2026-07-27,dedaluslabsforwarddeployedengineersanfrancisco
,Dedalus Labs,Systems Engineer / Product Manager Intern (Summer 2027),Software Engineering,,,unknown,unknown,US,unspecified,"San Francisco, CA",Summer 2027,,Unknown,intern,unknown,unknown,review required,,posting,open,0,,,,,sndsh404_2027,https://www.ycombinator.com/companies/dedalus-labs/jobs/YtbvXM8-systems-engineer-summer-2027-intern,2026-07-21,2026-07-27,dedaluslabssystemsengineerproductmanagersanfrancisco
,Deepgram,Software Engineering Intern,Software Engineering,,,unknown,unknown,US,remote,Remote / US,Summer 2027,,Unknown,intern,unknown,unknown,review required,,posting,open,0,,2026-07-24,,,vanshb03_2027,https://jobs.ashbyhq.com/deepgram/dc8693b5-72ce-4ca3-ab15-9c8434d35da1?utm_source=github-vansh-ouckah,2026-07-24,2026-07-27,deepgramsoftwareengineerremote
,Definity Financial,Data Analyst Co-op/Intern,Software Engineering,,,unknown,unknown,Canada,unspecified,"Toronto, ON, Canada",Summer 2026,,Unknown,co-op,unknown,unknown,review required,,posting,open,0,,,,,Simplify2026,https://hdks.fa.ca2.oraclecloud.com/hcmUI/CandidateExperience/en/sites/CX_1/job/9152?utm_source=Simplify&ref=Simplify,2026-07-21,2026-07-27,definityfinancialdataanalysttoronto
,Deft Robotics,Electrical Engineer Intern (Spring-Summer 2026),Robotics & Embodied AI,"humanoid,hardware",humanoid robotics,emerging-startup,private company; verify offer,US,unspecified,San Francisco,Spring/Summer 2026,,Unknown,intern,unknown,unknown,review required,,posting,open,0,,2026-07-24,,,Ashby/deft-ai,https://jobs.ashbyhq.com/deft-ai/0d16afe8-30a9-43df-90d5-ccba1cb97b69,2026-07-24,2026-07-27,deftroboticselectricalengineersanfrancisco
,Deft Robotics,Mechanical Engineer Intern (Spring-Summer 2026),Robotics & Embodied AI,"humanoid,robot-software,hardware",humanoid robotics,emerging-startup,private company; verify offer,US,unspecified,San Francisco,Spring/Summer 2026,,Undergraduate eligible,intern,unknown,unknown,review required,,posting,open,0,,2026-07-24,,,Ashby/deft-ai,https://jobs.ashbyhq.com/deft-ai/1bef1405-cd24-4da7-b1e7-0ca02e8f5eb2,2026-07-24,2026-07-27,deftroboticsmechanicalengineersanfrancisco
,Delta Air Lines,"Reservations Co-op (Spring 2027, data analytics / process improvement)",Data,,,unknown,unknown,US,unspecified,"Atlanta, GA",Spring 2027,,Unknown,co-op,unknown,unknown,review required,,posting,open,0,,,,,sndsh404_2027,https://delta.avature.net/en_US/careers/JobDetail?jobId=32928,2026-07-21,2026-07-27,deltaairlinesreservationsatlanta
,Denari,Product & Software Internship,Software Engineering,,,unknown,unknown,US,unspecified,"Madison, WI",Summer 2026,,Unknown,intern,unknown,unknown,review required,,posting,open,0,,,,,Simplify2026,https://ats.rippling.com/denari/jobs/8aca4674-f7de-4afa-b031-41c77c533282?utm_source=Simplify&ref=Simplify,2026-07-21,2026-07-27,denariproductsoftwaremadison
,DimeHealth AI,Forward Deployed Engineering Intern,Software Engineering,,,unknown,unknown,US,unspecified,"New York, NY",Summer 2027,,Unknown,intern,unknown,unknown,review required,,posting,open,0,,,,,"vanshb03_2027,sndsh404_2027",https://www.workatastartup.com/jobs/94211?utm_source=github-vansh-ouckah,2026-07-21,2026-07-27,dimehealthaiforwarddeployedengineernewyork
,Diversified Automation,Hardware Engineering Co-op,Software Engineering,,,unknown,unknown,US,unspecified,"Louisville, KY",Summer 2026,,Unknown,co-op,unknown,unknown,review required,,posting,open,0,,,,,Simplify2026,https://jobs.lever.co/diversified-automation/3cea02c8-9a43-4542-96bb-df69a874f146/apply?utm_source=Simplify&ref=Simplify,2026-07-21,2026-07-27,diversifiedautomationhardwareengineerlouisville
,Dyna Robotics,Research Internship,Robotics & Embodied AI,research,robot learning,emerging-startup,private company; verify offer,US,unspecified,"Redwood City, CA",Unknown,,Unknown,intern,unknown,unknown,review required,,posting,open,0,,2026-07-24,,,Ashby/dyna-robotics,https://jobs.ashbyhq.com/dyna-robotics/5a431519-ee6b-4cb7-8a3a-422727053a09,2026-07-24,2026-07-27,dynaroboticsresearchredwoodcity
,Ellipsis Labs,Software Engineer Intern,Software Engineering,,,unknown,unknown,US,unspecified,"New York, NY",Summer 2027,,Unknown,intern,unknown,unknown,review required,,posting,open,0,,,,,sndsh404_2027,https://jobs.ashbyhq.com/ellipsislabs/02136b22-35b1-4b3d-8bef-567c3380a849,2026-07-21,2026-07-27,ellipsislabssoftwareengineernewyork
,Epic,Software Developer Intern,Software Engineering,,,unknown,unknown,US,unspecified,"Verona, WI",Summer 2027,,Unknown,intern,unknown,unknown,review required,,posting,open,0,,,,,sndsh404_2027,https://careers.epic.com/jobs/intern/,2026-07-21,2026-07-27,epicsoftwareengineerverona
,Equifax,Technology Intern,Software Engineering,,,unknown,unknown,US,unspecified,"Alpharetta, GA",Summer 2026,,Unknown,intern,unknown,unknown,review required,,posting,open,0,,,,,Simplify2026,https://equifax.wd5.myworkdayjobs.com/UR_External/job/USA---Georgia---Alpharetta---30005/Technology-Intern_J00170964?utm_source=Simplify&ref=Simplify,2026-07-21,2026-07-27,equifaxtechnologyalpharetta
,Espa AI,Software Engineer Intern,Software Engineering,,,unknown,unknown,US,unspecified,SF,Summer 2026,,Unknown,intern,unknown,unknown,review required,,posting,open,0,,,,,Simplify2026,https://jobs.ashbyhq.com/espa/6fa2d441-971f-44c4-9a4e-3304ea041cc8/application?utm_source=Simplify&ref=Simplify,2026-07-21,2026-07-27,espaaisoftwareengineersf
,Etched,Infrastructure Intern,Software Engineering,,,unknown,unknown,US,unspecified,"San Jose, CA",Summer 2027,,Unknown,intern,unknown,unknown,review required,,posting,open,0,,,,,vanshb03_2027,https://jobs.ashbyhq.com/Etched/80926a71-0a62-4bf8-a877-b6d96df279b7?utm_source=github-vansh-ouckah,2026-07-21,2026-07-27,etchedinfrastructuresanjose
,Ether.fi,GTM Engineer Intern,Software Engineering,,,unknown,unknown,US,unspecified,Cayman / Denver / New York,Summer 2027,,Unknown,intern,unknown,unknown,review required,,posting,open,0,,,,,vanshb03_2027,https://jobs.ashbyhq.com/ether.fi/6dcb712c-8fe5-4725-ad6a-0e9771af22cb?utm_source=github-vansh-ouckah,2026-07-21,2026-07-27,etherfigtmengineercayman
,Eulerity,Website Development & Content Marketing Intern - AI & Automation,Software Engineering,,,unknown,unknown,US,unspecified,NYC,Summer 2026,,Unknown,intern,unknown,unknown,review required,,posting,open,0,,,,,Simplify2026,https://job-boards.greenhouse.io/eulerity/jobs/4694300006?utm_source=Simplify&ref=Simplify,2026-07-21,2026-07-27,euleritywebsitedevelopmentcontentmarketingaiautomationnyc
,Evolver,Applied Data Science Intern,Software Engineering,,,unknown,unknown,US,unspecified,"Palo Alto, CA",Summer 2026,,Unknown,intern,unknown,unknown,review required,,posting,open,0,,,,,Simplify2026,https://job-boards.greenhouse.io/evolver/jobs/4254540009?utm_source=Simplify&ref=Simplify,2026-07-21,2026-07-27,evolverapplieddatasciencepaloalto
,F. Schumacher & Co.,Product Data Strategy and Operations Intern,Software Engineering,,,unknown,unknown,US,unspecified,NYC,Summer 2026,,Unknown,intern,unknown,unknown,review required,,posting,open,0,,,,,Simplify2026,https://job-boards.greenhouse.io/fschumacherco/jobs/5279316008?utm_source=Simplify&ref=Simplify,2026-07-21,2026-07-27,fschumachercoproductdatastrategyandoperationsnyc
,FieldAI,"1.53 Robotics Research Internship, Humanoid Manipulation (Summer 2026) | PhD Internship",Robotics & Embodied AI,"embodied-ai,humanoid,perception,autonomy,controls,manipulation,robot-software,hardware,research",field robotics,private-scaleup,private company; verify offer,US,unspecified,"Boston, MA",Summer 2026,,PhD,intern,unknown,unknown,review required,,posting,open,0,,2026-07-24,,,Lever/field-ai,https://jobs.lever.co/field-ai/2a2c8f00-3a28-481b-882c-33cb0ec4a3a0,2026-07-24,2026-07-27,fieldairoboticsresearchhumanoidmanipulationphdboston
,Figure,Electrical Engineering Intern [Fall 2026],Robotics & Embodied AI,hardware,humanoid robotics,private-scaleup,private company; verify offer,US,unspecified,"San Jose, CA",Fall 2026,,Unknown,intern,unknown,unknown,review required,,posting,open,0,,2026-07-24,,,Greenhouse/figureai,https://job-boards.greenhouse.io/figureai/jobs/4676467006,2026-07-24,2026-07-27,figureelectricalengineersanjose
,Figure,Integration and Test - Mechanical Engineering Intern [Fall 2026],Robotics & Embodied AI,hardware,humanoid robotics,private-scaleup,private company; verify offer,US,unspecified,"San Jose, CA",Fall 2026,,Unknown,intern,unknown,unknown,review required,,posting,open,0,,2026-07-24,,,Greenhouse/figureai,https://job-boards.greenhouse.io/figureai/jobs/4606074006,2026-07-24,2026-07-27,figureintegrationandtestmechanicalengineersanjose
,Figure,Mechanical Engineer Intern [Fall 2026],Robotics & Embodied AI,hardware,humanoid robotics,private-scaleup,private company; verify offer,US,unspecified,"San Jose, CA",Fall 2026,,Unknown,intern,unknown,unknown,review required,,posting,open,0,,2026-07-24,,,Greenhouse/figureai,https://job-boards.greenhouse.io/figureai/jobs/4303098006,2026-07-24,2026-07-27,figuremechanicalengineersanjose
,Figure,Validation Engineering Intern [Fall 2026],Robotics & Embodied AI,,humanoid robotics,private-scaleup,private company; verify offer,US,unspecified,"San Jose, CA",Fall 2026,,Unknown,intern,unknown,unknown,review required,,posting,open,0,,2026-07-24,,,Greenhouse/figureai,https://job-boards.greenhouse.io/figureai/jobs/4606072006,2026-07-24,2026-07-27,figurevalidationengineersanjose
,Fiserv,Technology Intern 🛂,Software Engineering,,,unknown,unknown,US,unspecified,"Columbus, OH",Summer,,Unknown,intern,unknown,unavailable,work-rights review,,posting,open,0,,,,NO-SPONSORSHIP,vanshb03_2027,https://careers.fiserv.com/us/en/job/FFFYJUSR10390344EXTERNALENUS/Technology-Summer-Intern?jr_id=69e6ab5e3aa0c4796439589b&utm_source=github-vansh-ouckah,2026-07-21,2026-07-27,fiservtechnologycolumbus
,Flow Traders,Quantitative Trading Intern,Quant,,,unknown,unknown,US,unspecified,"New York, NY",Summer 2027,,Unknown,intern,unknown,unknown,review required,,posting,open,0,,,,,sndsh404_2027,https://job-boards.greenhouse.io/flowtraders/jobs/8047166,2026-07-21,2026-07-27,flowtradersquantitativetradingnewyork
,Fluxergy,Firmware Engineer Intern,Software Engineering,hardware,,unknown,unknown,US,unspecified,"Irvine, CA",Summer 2026,,Unknown,intern,unknown,unknown,review required,,posting,open,0,,,,,Simplify2026,https://jobs.lever.co/fluxergy-2/c592763e-56ba-4d20-b751-3a4574470eec/apply?utm_source=Simplify&ref=Simplify,2026-07-21,2026-07-27,fluxergyfirmwareengineerirvine
,GE Aerospace,"Engines Engineering Co-op, Computer/Software Engineering (Spring 2027, Returning Students) 🛂 🇺🇸",Software Engineering,,,unknown,unknown,US,unspecified,"Cincinnati, OH / Lynn, MA",Spring 2027,,Unknown,co-op,US citizenship required,unavailable,work-rights review,,posting,open,0,,,CITIZENSHIP REVIEW,"NO-SPONSORSHIP,US-CITIZEN-ONLY",sndsh404_2027,https://careers.geaerospace.com/global/en/job/GAOGAYGLOBALR5030073EXTERNALENGLOBAL/Engines-Engineering-Co-op-Computer-or-Software-Engineering-US-Spring-2027-Returning-Students,2026-07-21,2026-07-27,geaerospaceenginesengineercomputersoftwareengineercincinnati
,GE Appliances,Digital Technology Intern (Spring 2027),Software Engineering,,,unknown,unknown,US,unspecified,"Louisville, KY",Spring 2027,,Unknown,intern,unknown,unknown,review required,,posting,open,0,,,,,sndsh404_2027,https://haier.wd3.myworkdayjobs.com/GE_Appliances/job/USA-Louisville-KY/Digital-Technology-Spring-2027-Intern_REQ-25831,2026-07-21,2026-07-27,geappliancesdigitaltechnologylouisville
,GE Appliances,Software Engineering Co-op (Spring 2027),Software Engineering,,,unknown,unknown,US,unspecified,"Louisville, KY",Spring 2027,,Unknown,co-op,unknown,unknown,review required,,posting,open,0,,,,,sndsh404_2027,https://haier.wd3.myworkdayjobs.com/GE_Appliances/job/USA-Louisville-KY/Software-Engineering-Co-op-Spring-2027_REQ-26147,2026-07-21,2026-07-27,geappliancessoftwareengineerlouisville
,GE Vernova,Grid Automation & Software Intern,Software Engineering,,,unknown,unknown,US,remote,Remote in USA,Summer 2026,,Unknown,intern,unknown,unknown,review required,,posting,open,0,,,,,Simplify2026,https://gevernova.wd5.myworkdayjobs.com/only_confidential_executive_recruiting/job/Remote/Grid-Automation---Software-Intern_R5041706-3?utm_source=Simplify&ref=Simplify,2026-07-21,2026-07-27,gevernovagridautomationsoftwareremoteinusa
,GE Vernova,Grid Automation & Software Intern,Software Engineering,,,unknown,unknown,US,unspecified,United States,Summer 2026,,Unknown,intern,unknown,unknown,review required,,posting,open,0,,,,,Simplify2026,https://gevernova.wd5.myworkdayjobs.com/only_confidential_executive_recruiting/job/Remote/Grid-Automation---Software-Intern_R5041709?utm_source=Simplify&ref=Simplify,2026-07-21,2026-07-27,gevernovagridautomationsoftwareunitedstates
,General Astronautics,Engineering Intern 🇺🇸,Software Engineering,,,unknown,unknown,US,unspecified,"San Francisco, CA",Summer 2027,,Unknown,intern,US citizenship required,unknown,review required,,posting,open,0,,,CITIZENSHIP REVIEW,US-CITIZEN-ONLY,vanshb03_2027,https://www.workatastartup.com/jobs/94206?utm_source=github-vansh-ouckah,2026-07-21,2026-07-27,generalastronauticsengineersanfrancisco
,H&CO,Software Development Intern,Software Engineering,,,unknown,unknown,US,unspecified,"Coral Gables, FL",Summer 2027,,Unknown,intern,unknown,unknown,review required,,posting,open,0,,,,,vanshb03_2027,https://career41.sapsf.com/career?career_ns=job_listing&company=hcollp&career_job_req_id=3507&utm_source=github-vansh-ouckah,2026-07-21,2026-07-27,hcosoftwaredevelopmentcoralgables
,HARMAN,Intern – Software Engineering 🛂,Software Engineering,,,unknown,unknown,US,unspecified,"Sunnyvale, CA",Summer 2026,,Unknown,intern,unknown,unavailable,work-rights review,,posting,open,0,,,,NO-SPONSORSHIP,Simplify2026,https://jobsearch.harman.com/en_US/careers/JobDetail/Intern-Software-Engineering/31931?utm_source=Simplify&ref=Simplify,2026-07-21,2026-07-27,harmansoftwareengineersunnyvale
,Harris Computer,Co-Op Student Developer,Software Engineering,,,unknown,unknown,Canada,unspecified,"British Columbia, Canada / Burnaby, BC, Canada / Richmond, BC, Canada",Summer 2026,,Unknown,co-op,unknown,unknown,review required,,posting,open,0,,,,,Simplify2026,https://harriscomputer.wd3.myworkdayjobs.com/1/job/British-Columbia-Canada/XMLNAME--Remote--Co-Op-Student-Developer_R0044310-2?utm_source=Simplify&ref=Simplify,2026-07-21,2026-07-27,harriscomputerstudentengineerbritishcolumbia
,Hiverge,Research Engineer Intern 🎓,Software Engineering,research,,unknown,unknown,UK,unspecified,"Cambridge, UK",Summer 2026,,Advanced/unknown,intern,unknown,unknown,review required,,posting,open,0,,,,ADV-DEGREE,Simplify2026,https://jobs.ashbyhq.com/hiverge/ea6edea4-5216-4cdc-b368-909ba91c78a3/application?utm_source=Simplify&ref=Simplify,2026-07-21,2026-07-27,hivergeresearchengineercambridge
,Homebase,"Forward Deployed Engineering Intern, AI-Native",Software Engineering,,,unknown,unknown,US,unspecified,"Houston, TX / San Francisco, CA",Summer 2027,,Unknown,intern,unknown,unknown,review required,,posting,open,0,,,,,vanshb03_2027,https://jobs.ashbyhq.com/homebase/a7ab59c0-786e-4675-b684-2ed19b240fb2?utm_source=github-vansh-ouckah,2026-07-21,2026-07-27,homebaseforwarddeployedengineerainativehouston
,Humanoid,Robotics Engineering Co-op,Robotics & Embodied AI,"humanoid,hardware",humanoid robotics,private-scaleup,private company; verify offer,US,unspecified,"US, Boston, MA",Unknown,,Undergraduate eligible,co-op,unknown,unknown,review required,,posting,open,0,,2026-07-24,,,Ashby/humanoid,https://jobs.ashbyhq.com/humanoid/27651cb1-8865-4b9e-b620-02ed41abbb65,2026-07-24,2026-07-27,humanoidroboticsengineerus
,Instead,Software Engineer Intern,Software Engineering,,,unknown,unknown,US,unspecified,SF,Summer 2026,,Unknown,intern,unknown,unknown,review required,,posting,open,0,,,,,Simplify2026,https://job-boards.greenhouse.io/instead/jobs/7761472003?utm_source=Simplify&ref=Simplify,2026-07-21,2026-07-27,insteadsoftwareengineersf
,Institute of Foundation Models,AI Research Intern 🎓,Software Engineering,"embodied-ai,research",,unknown,unknown,US,unspecified,"Sunnyvale, CA",Summer 2026,,Advanced/unknown,intern,unknown,unknown,review required,,posting,open,0,,,,ADV-DEGREE,Simplify2026,https://jobs.lever.co/ifm-us/3eec355c-6dde-4a3e-8cdf-b2a8930d5678/apply?utm_source=Simplify&ref=Simplify,2026-07-21,2026-07-27,instituteoffoundationmodelsairesearchsunnyvale
,"Intercontinental Exchange, Inc.","Artificial Intelligence, Data & Machine Learning Intern",AI / ML,,,unknown,unknown,US,unspecified,"New York, NY",Summer 2027,,Unknown,intern,unknown,unknown,review required,,posting,open,0,,,,,vanshb03_2027,https://careers.ice.com/jobs/12830?lang=en-us&iis=LinkedIn&iisn=Linkedin&mode=apply&jr_id=69e67bb27820c036924d0af9&utm_source=github-vansh-ouckah,2026-07-21,2026-07-27,intercontinentalexchangeincartificialintelligencedatamachinelear
,JP Morgan Chase,Machine Learning Center of Excellence Intern - NLP 🎓,AI / ML,,,unknown,unknown,UK,unspecified,"London, UK",Summer 2026,,Advanced/unknown,intern,unknown,unknown,review required,,posting,open,0,,,,ADV-DEGREE,Simplify2026,https://jpmc.fa.oraclecloud.com/hcmUI/CandidateExperience/en/sites/CX_1001/job/210765492?utm_source=Simplify&ref=Simplify,2026-07-21,2026-07-27,jpmorganchasemachinelearningcenterofexcellencenlplondon
,JPMorganChase,Markets Summer Analyst (Sales / Trading / Structuring / Digital Markets) 🛂,Quant,,,unknown,unknown,US,unspecified,"New York, NY (multiple US)",Summer,,Unknown,summer-analyst,unknown,unavailable,work-rights review,,posting,open,0,,,,NO-SPONSORSHIP,sndsh404_2027,https://jpmc.fa.oraclecloud.com/hcmUI/CandidateExperience/en/sites/CX_1001/job/210690325,2026-07-21,2026-07-27,jpmorganchasemarketssummeranalystnewyork
,KLA Corporation,AI Intern,Software Engineering,,,unknown,unknown,UK,unspecified,"Cardiff, UK",Summer,,Unknown,intern,unknown,unknown,review required,,posting,open,0,,,,,Simplify2026,https://kla.wd1.myworkdayjobs.com/Search/job/Newport-United-Kingdom/AI-Summer-Intern_2638689?utm_source=Simplify&ref=Simplify,2026-07-21,2026-07-27,klacorporationaicardiff
,Kinetic Systems,Applied AI Intern 🎓,Software Engineering,,,unknown,unknown,US,unspecified,SF,Summer 2026,,Advanced/unknown,intern,unknown,unknown,review required,,posting,open,0,,,,ADV-DEGREE,Simplify2026,https://jobs.ashbyhq.com/kineticsystems/209873f8-541e-4afe-9782-78487dffb734/application?embed=true&utm_source=Simplify&ref=Simplify,2026-07-21,2026-07-27,kineticsystemsappliedaisf
,Kudu Dynamics,Software Engineer Intern (1) 🇺🇸,Software Engineering,,,unknown,unknown,US,unspecified,"Chantilly, VA",Summer 2027,,Unknown,intern,US citizenship required,unknown,review required,,posting,open,0,,,CITIZENSHIP REVIEW,US-CITIZEN-ONLY,sndsh404_2027,https://leidos.wd5.myworkdayjobs.com/External/job/Chantilly-VA/Software-Engineer-Intern_R-00183707,2026-07-21,2026-07-27,kududynamicssoftwareengineerchantilly
,LA-Tech.org,"Technical Intern, Software / Cyber / AI (Spring 2027, remote)",Software Engineering,,,unknown,unknown,US,remote,"Los Angeles, CA / Remote (US)",Spring 2027,,Unknown,intern,unknown,unknown,review required,,posting,open,0,,,,,sndsh404_2027,https://pod4.app.loxo.co/job/Mzk2ODktbmxudnJmeGRuOXM0OHE3ZA==,2026-07-21,2026-07-27,latechorgtechnicalsoftwarecyberailosangeles
,Later,AI Automation Engineer Co-op,Software Engineering,,,unknown,unknown,Canada,unspecified,"Vancouver, BC, Canada",Summer 2026,,Unknown,co-op,unknown,unknown,review required,,posting,open,0,,,,,Simplify2026,https://job-boards.greenhouse.io/later/jobs/8604889002?utm_source=Simplify&ref=Simplify,2026-07-21,2026-07-27,lateraiautomationengineervancouver
,Lightwheel,Developer Advocate / Research Community Intern,Robotics & Embodied AI,"perception,robot-software,research",robot learning,emerging-startup,private company; verify offer,US,remote,Remote - Mountain View,Unknown,,Unknown,intern,unknown,unknown,review required,,posting,open,0,,2026-07-24,,,Ashby/lightwheel,https://jobs.ashbyhq.com/lightwheel/e22363b9-9c4f-4991-8de3-339b8e9399df,2026-07-24,2026-07-27,lightwheelengineeradvocateresearchcommunityremotemountainview
,Lila Sciences,Data Extraction Co-op,Software Engineering,,,unknown,unknown,US,unspecified,"Cambridge, MA",Summer 2026,,Unknown,co-op,unknown,unknown,review required,,posting,open,0,,,,,Simplify2026,https://job-boards.greenhouse.io/lilasciences/jobs/4280811009?utm_source=Simplify&ref=Simplify,2026-07-21,2026-07-27,lilasciencesdataextractioncambridge
,Lila Sciences,Machine Learning for Digital Twins Co-op 🎓,AI / ML,,,unknown,unknown,US,unspecified,"Cambridge, MA",Summer 2026,,Advanced/unknown,co-op,unknown,unknown,review required,,posting,open,0,,,,ADV-DEGREE,Simplify2026,https://job-boards.greenhouse.io/lilasciences/jobs/4280809009?utm_source=Simplify&ref=Simplify,2026-07-21,2026-07-27,lilasciencesmachinelearningfordigitaltwinscambridge
,Lila Sciences,Next Gen Engineering Co-Op,Software Engineering,,,unknown,unknown,US,unspecified,"Cambridge, MA",Summer 2026,,Unknown,co-op,unknown,unknown,review required,,posting,open,0,,,,,Simplify2026,https://job-boards.greenhouse.io/lilasciences/jobs/4289960009?utm_source=Simplify&ref=Simplify,2026-07-21,2026-07-27,lilasciencesnextgenengineercambridge
,LiveRamp,"Software Engineer Intern, Pixel Serving",Software Engineering,,,unknown,unknown,US,unspecified,"New York, NY",Summer 2027,,Unknown,intern,unknown,unknown,review required,,posting,open,0,,,,,sndsh404_2027,https://liveramp.wd5.myworkdayjobs.com/LiveRampCareers/job/New-York/Intern--Software-Engineer---Pixel-Serving_JR012201,2026-07-21,2026-07-27,liverampsoftwareengineerpixelservingnewyork
,Los Alamos National Laboratory,Computing & AI Division Undergraduate Student (CS / Math / Stats) 🇺🇸,Software Engineering,,,unknown,unknown,US,unspecified,"Los Alamos, NM",Summer 2027,,Undergraduate eligible,other,US citizenship required,unknown,review required,,posting,open,0,,,CITIZENSHIP REVIEW,US-CITIZEN-ONLY,sndsh404_2027,https://lanl.jobs/search/jobdetails/computing-and-artificial-intelligence-cai-division-ugs/ce152ba6-2ab8-4ef8-827d-f9ca75a54e6e,2026-07-21,2026-07-27,losalamosnationallaboratorycomputingaidivisionundergraduatestude
,LufCo,Summer Intern (CS / Software / Engineering) 🇺🇸,Software Engineering,,,unknown,unknown,US,unspecified,"Aberdeen, MD",Summer,,Unknown,intern,US citizenship required,unknown,review required,,posting,open,0,,,CITIZENSHIP REVIEW,US-CITIZEN-ONLY,sndsh404_2027,https://lufco.breezy.hr/p/3d3ec6639256-summer-intern-2027,2026-07-21,2026-07-27,lufcosummeraberdeen
,Machina Labs,"Robotic Process Engineer, Intern",Robotics & Embodied AI,"autonomy,manipulation,robot-software,hardware,research",robotic manufacturing,private-scaleup,private company; verify offer,US,unspecified,"Chatsworth, CA",Unknown,,Undergraduate eligible,intern,unknown,unknown,review required,,posting,open,0,,2026-07-24,,,Lever/MachinaLabs,https://jobs.lever.co/MachinaLabs/40bf906a-0078-444d-a4a6-95719c8634ed,2026-07-24,2026-07-27,machinalabsroboticprocessengineerchatsworth
,Magna,Junior Full Stack Developer Co-op,Software Engineering,,,unknown,unknown,Canada,unspecified,"Oakville, ON, Canada",Summer 2026,,Unknown,co-op,unknown,unknown,review required,,posting,open,0,,,,,Simplify2026,https://wd3.myworkdaysite.com/recruiting/magna/Magna/job/Milton-Ontario-CA/Junior-Full-Stack-Developer-Coop_R00244793?utm_source=Simplify&ref=Simplify,2026-07-21,2026-07-27,magnajuniorfullstackengineeroakville
,Magna,Product Engineering Engineer Intern,Software Engineering,,,unknown,unknown,US,unspecified,"Grand Rapids, MI",Summer 2026,,Unknown,intern,unknown,unknown,review required,,posting,open,0,,,,,Simplify2026,https://wd3.myworkdaysite.com/recruiting/magna/Magna/job/Grand-Rapids-Michigan-US/Product-Engineering-Intern_R00243272?utm_source=Simplify&ref=Simplify,2026-07-21,2026-07-27,magnaproductengineerengineergrandrapids
,Maxima,Software Engineer Intern,Software Engineering,,,unknown,unknown,US,unspecified,"San Mateo, CA",Summer 2026,,Unknown,intern,unknown,unknown,review required,,posting,open,0,,,,,Simplify2026,https://jobs.ashbyhq.com/maxima/c0204f04-af26-4a57-9658-64ee6d4beb74/application?utm_source=Simplify&ref=Simplify,2026-07-21,2026-07-27,maximasoftwareengineersanmateo
,Microchip Technology,Equipment Engineering Technician Intern - Metrology,Software Engineering,,,unknown,unknown,US,unspecified,"Fairview, OR",Summer 2026,,Unknown,intern,unknown,unknown,review required,,posting,open,0,,,,,Simplify2026,https://wd5.myworkdaysite.com/recruiting/microchiphr/External/job/OR---Gresham/Intern-Equipment-Engineering-Technician--Metrology-_R3077-26?utm_source=Simplify&ref=Simplify,2026-07-24,2026-07-27,microchiptechnologyequipmentengineertechnicianmetrologyfairview
,Midmark,Firmware Engineering Co-op (Spring 2027),Software Engineering,hardware,,unknown,unknown,US,unspecified,"Versailles, OH",Spring 2027,,Unknown,co-op,unknown,unknown,review required,,posting,open,0,,,,,sndsh404_2027,https://hcor.fa.us2.oraclecloud.com/hcmUI/CandidateExperience/en/sites/CX_1/job/4333,2026-07-21,2026-07-27,midmarkfirmwareengineerversailles
,Mindsmith,Software Engineering Intern,Software Engineering,,,unknown,unknown,US,unspecified,"Lehi, UT",Summer 2026,,Unknown,intern,unknown,unknown,review required,,posting,open,0,,,,,Simplify2026,https://app.dover.com/apply/mindsmith/e0ca8149-6811-4de9-ba38-65a0244a2b7e?utm_source=Simplify&ref=Simplify,2026-07-21,2026-07-27,mindsmithsoftwareengineerlehi
,MyEmployment,AI Product Engineer Intern,Software Engineering,,,unknown,unknown,US,remote,Remote in US,Summer 2026,,Unknown,intern,unknown,unknown,review required,,posting,open,0,,,,,Simplify2026,https://jobs.gusto.com/postings/myemployment-llc-ai-product-engineer-intern-c08d7fd3-115e-46ad-a46f-6c4be1f77263?utm_source=Simplify&ref=Simplify,2026-07-21,2026-07-27,myemploymentaiproductengineerremoteinus
,NXP Semiconductors,Digital Verification Engineer Intern,Software Engineering,,,unknown,unknown,Canada,unspecified,"Kanata, Ottawa, ON, Canada",Summer 2026,,Unknown,intern,unknown,unknown,review required,,posting,open,0,,,,,Simplify2026,https://nxp.wd3.myworkdayjobs.com/en-US/careers/job/Kanata/Digital-Verification-Engineer-Intern_R-10064047?utm_source=Simplify&ref=Simplify,2026-07-21,2026-07-27,nxpsemiconductorsdigitalverificationengineerkanata
,Nash,Full Stack Engineering Intern 🇺🇸,Software Engineering,,,unknown,unknown,US,unspecified,"San Francisco, CA",Summer 2027,,Unknown,intern,US citizenship required,unknown,review required,,posting,open,0,,,CITIZENSHIP REVIEW,US-CITIZEN-ONLY,"vanshb03_2027,sndsh404_2027",https://www.workatastartup.com/jobs/94993?utm_source=github-vansh-ouckah,2026-07-21,2026-07-27,nashfullstackengineersanfrancisco
,National Laboratory of the Rockies,Graduate Intern - Transportation Systems Analysis,Software Engineering,,,unknown,unknown,US,unspecified,"Golden, CO",Summer 2026,,Unknown,intern,unknown,unknown,review required,,posting,open,0,,,,,Simplify2026,https://nrel.wd5.myworkdayjobs.com/NLR/job/Golden-CO/Graduate--Year-Round--Intern---Transportation-Systems-Analysis_R14153?utm_source=Simplify&ref=Simplify,2026-07-24,2026-07-27,nationallaboratoryoftherockiesgraduatetransportationsystemsanaly
,National Laboratory of the Rockies,Software and Data Infrastructure Intern,Software Engineering,,,unknown,unknown,US,unspecified,"Golden, CO",Summer 2026,,Unknown,intern,unknown,unknown,review required,,posting,open,0,,,,,Simplify2026,https://nrel.wd5.myworkdayjobs.com/NLR/job/Golden-CO/Undergraduate-graduate-intern---software-and-data-infrastructure-for-autonomous-thin-film-experimentation--Year-Round-_R14394?utm_source=Simplify&ref=Simplify,2026-07-24,2026-07-27,nationallaboratoryoftherockiessoftwareanddatainfrastructuregolde
,Naïve,Software Engineer Intern 🇺🇸,Software Engineering,,,unknown,unknown,US,remote,"San Francisco, CA / Remote (US)",Summer 2027,,Unknown,intern,US citizenship required,unknown,review required,,posting,open,0,,,CITIZENSHIP REVIEW,US-CITIZEN-ONLY,"vanshb03_2027,sndsh404_2027",https://www.workatastartup.com/jobs/94647?utm_source=github-vansh-ouckah,2026-07-21,2026-07-27,navesoftwareengineersanfrancisco
,Nelnet,AI Engineer Intern,Software Engineering,,,unknown,unknown,US,unspecified,"Lincoln, NE",Summer 2026,,Unknown,intern,unknown,unknown,review required,,posting,open,0,,,,,Simplify2026,https://nelnet.wd1.myworkdayjobs.com/MyNelnet/job/Lincoln-NE/Intern---AI-Engineer_R22763?utm_source=Simplify&ref=Simplify,2026-07-21,2026-07-27,nelnetaiengineerlincoln
,Neuralink,Analog and Mixed-Signal IC Design Engineer Intern ,Robotics & Embodied AI,,neural / surgical robotics,private-scaleup,private company; verify offer,US,unspecified,"South San Francisco, California, United States",Unknown,,Unknown,intern,unknown,unknown,review required,,posting,open,0,,2026-07-24,,,Greenhouse/neuralink,https://boards.greenhouse.io/neuralink/jobs/7565469003?gh_jid=7565469003,2026-07-24,2026-07-27,neuralinkanalogandmixedsignalicdesignengineersouthsanfrancisco
,Neuralink,Digital IC Design Engineer Intern,Robotics & Embodied AI,,neural / surgical robotics,private-scaleup,private company; verify offer,US,unspecified,"South San Francisco, California, United States",Unknown,,Unknown,intern,unknown,unknown,review required,,posting,open,0,,2026-07-24,,,Greenhouse/neuralink,https://boards.greenhouse.io/neuralink/jobs/7090489003?gh_jid=7090489003,2026-07-24,2026-07-27,neuralinkdigitalicdesignengineersouthsanfrancisco
,Neuralink,"Electrical Engineer Intern, Implant Embedded Systems",Robotics & Embodied AI,hardware,neural / surgical robotics,private-scaleup,private company; verify offer,US,unspecified,"Austin, Texas, United States; South San Francisco, California, United States",Unknown,,Unknown,intern,unknown,unknown,review required,,posting,open,0,,2026-07-24,,,Greenhouse/neuralink,https://boards.greenhouse.io/neuralink/jobs/7702527003?gh_jid=7702527003,2026-07-24,2026-07-27,neuralinkelectricalengineerimplantembeddedsystemsaustin
,Neuralink,"Embedded Software Engineer Intern, Implant Embedded Systems",Robotics & Embodied AI,hardware,neural / surgical robotics,private-scaleup,private company; verify offer,US,unspecified,"Austin, Texas, United States; South San Francisco, California, United States",Unknown,,Unknown,intern,unknown,unknown,review required,,posting,open,0,,2026-07-24,,,Greenhouse/neuralink,https://boards.greenhouse.io/neuralink/jobs/6283663003?gh_jid=6283663003,2026-07-24,2026-07-27,neuralinkembeddedsoftwareengineerimplantembeddedsystemsaustin
,Neuralink,"Firmware Engineer Intern, Robotics and Surgery Engineering",Robotics & Embodied AI,hardware,neural / surgical robotics,private-scaleup,private company; verify offer,US,unspecified,"South San Francisco, California, United States",Unknown,,Unknown,intern,unknown,unknown,review required,,posting,open,0,,2026-07-24,,,Greenhouse/neuralink,https://boards.greenhouse.io/neuralink/jobs/6648992003?gh_jid=6648992003,2026-07-24,2026-07-27,neuralinkfirmwareengineerroboticsandsurgeryengineersouthsanfranc
,Neuralink,IT Systems Administrator Intern,Robotics & Embodied AI,,neural / surgical robotics,private-scaleup,private company; verify offer,US,unspecified,"Austin, Texas, United States; South San Francisco, California, United States",Unknown,,Unknown,intern,unknown,unknown,review required,,posting,open,0,,2026-07-24,,,Greenhouse/neuralink,https://boards.greenhouse.io/neuralink/jobs/7736276003?gh_jid=7736276003,2026-07-24,2026-07-27,neuralinkitsystemsadministratoraustin
,Neuralink,Machine Learning Engineer Intern,Robotics & Embodied AI,,neural / surgical robotics,private-scaleup,private company; verify offer,US,unspecified,"South San Francisco, California, United States",Unknown,,Unknown,intern,unknown,unknown,review required,,posting,open,0,,2026-07-24,,,Greenhouse/neuralink,https://boards.greenhouse.io/neuralink/jobs/6594261003?gh_jid=6594261003,2026-07-24,2026-07-27,neuralinkmachinelearningengineersouthsanfrancisco
,Neuralink,"Mechanical Engineering Intern, Brain Interfaces",Robotics & Embodied AI,hardware,neural / surgical robotics,private-scaleup,private company; verify offer,US,unspecified,"Austin, Texas, United States; South San Francisco, California, United States",Unknown,,Unknown,intern,unknown,unknown,review required,,posting,open,0,,2026-07-24,,,Greenhouse/neuralink,https://boards.greenhouse.io/neuralink/jobs/6545426003?gh_jid=6545426003,2026-07-24,2026-07-27,neuralinkmechanicalengineerbraininterfacesaustin
,Neuralink,"Mechanical Engineering Intern, Robotics",Robotics & Embodied AI,hardware,neural / surgical robotics,private-scaleup,private company; verify offer,US,unspecified,"South San Francisco, California, United States",Unknown,,Unknown,intern,unknown,unknown,review required,,posting,open,0,,2026-07-24,,,Greenhouse/neuralink,https://boards.greenhouse.io/neuralink/jobs/6514169003?gh_jid=6514169003,2026-07-24,2026-07-27,neuralinkmechanicalengineerroboticssouthsanfrancisco
,Neuralink,Neuroengineer Intern,Robotics & Embodied AI,,neural / surgical robotics,private-scaleup,private company; verify offer,US,unspecified,"South San Francisco, California, United States",Unknown,,Unknown,intern,unknown,unknown,review required,,posting,open,0,,2026-07-24,,,Greenhouse/neuralink,https://boards.greenhouse.io/neuralink/jobs/7483748003?gh_jid=7483748003,2026-07-24,2026-07-27,neuralinkneuroengineersouthsanfrancisco
,Neuralink,R&D Materials Engineer Intern,Robotics & Embodied AI,,neural / surgical robotics,private-scaleup,private company; verify offer,US,unspecified,"South San Francisco, California, United States",Unknown,,Unknown,intern,unknown,unknown,review required,,posting,open,0,,2026-07-24,,,Greenhouse/neuralink,https://boards.greenhouse.io/neuralink/jobs/7808233003?gh_jid=7808233003,2026-07-24,2026-07-27,neuralinkrdmaterialsengineersouthsanfrancisco
,Neuralink,"Software Engineer Intern, BCI Applications",Robotics & Embodied AI,,neural / surgical robotics,private-scaleup,private company; verify offer,US,unspecified,"South San Francisco, California, United States",Summer 2027,,Unknown,intern,unknown,unknown,review required,,posting,open,0,,,,,"sndsh404_2027,Greenhouse/neuralink",https://boards.greenhouse.io/neuralink/jobs/6594422003?gh_jid=6594422003,2026-07-21,2026-07-27,neuralinksoftwareengineerbciapplicationsfremont
,Neuralink,"Software Engineer Intern, Implant",Robotics & Embodied AI,,neural / surgical robotics,private-scaleup,private company; verify offer,US,unspecified,"Austin, Texas, United States; South San Francisco, California, United States",Unknown,,Unknown,intern,unknown,unknown,review required,,posting,open,0,,2026-07-24,,,Greenhouse/neuralink,https://boards.greenhouse.io/neuralink/jobs/6569018003?gh_jid=6569018003,2026-07-24,2026-07-27,neuralinksoftwareengineerimplantaustin
,Neuralink,"Software Engineer Intern, Infrastructure",Robotics & Embodied AI,,neural / surgical robotics,private-scaleup,private company; verify offer,US,unspecified,"South San Francisco, California, United States",Unknown,,Unknown,intern,unknown,unknown,review required,,posting,open,0,,2026-07-24,,,Greenhouse/neuralink,https://boards.greenhouse.io/neuralink/jobs/5469298003?gh_jid=5469298003,2026-07-24,2026-07-27,neuralinksoftwareengineerinfrastructuresouthsanfrancisco
,Neuralink,"Software Engineer Intern, Internal Apps",Robotics & Embodied AI,,neural / surgical robotics,private-scaleup,private company; verify offer,US,unspecified,"Austin, Texas, United States; South San Francisco, California, United States",Unknown,,Unknown,intern,unknown,unknown,review required,,posting,open,0,,2026-07-24,,,Greenhouse/neuralink,https://boards.greenhouse.io/neuralink/jobs/6083322003?gh_jid=6083322003,2026-07-24,2026-07-27,neuralinksoftwareengineeralappsaustin
,Neuralink,"Software Engineer Intern, Robotics",Robotics & Embodied AI,,neural / surgical robotics,private-scaleup,private company; verify offer,US,unspecified,"Austin, Texas, United States; South San Francisco, California, United States",Unknown,,Unknown,intern,unknown,unknown,review required,,posting,open,0,,2026-07-24,,,Greenhouse/neuralink,https://boards.greenhouse.io/neuralink/jobs/5469305003?gh_jid=5469305003,2026-07-24,2026-07-27,neuralinksoftwareengineerroboticsaustin
,Nidec,Application Engineering Co-op,Software Engineering,,,unknown,unknown,US,unspecified,"St. Louis, MO",Summer 2026,,Unknown,co-op,unknown,unknown,review required,,posting,open,0,,,,,Simplify2026,https://nidec.wd1.myworkdayjobs.com/nidec/job/North-AmericaUSAMissouriSt-Louis---WPE-MO/Application-Engineering-Co-Op_R0016076?utm_source=Simplify&ref=Simplify,2026-07-21,2026-07-27,nidecapplicationengineerstlouis
,Nightwing Intelligence Solutions,Software / Hardware Engineering Intern,Software Engineering,,,unknown,unknown,US,unspecified,"Annapolis Junction, MD",Summer 2026,,Unknown,intern,unknown,unknown,review required,,posting,open,0,,,,,Simplify2026,https://nwis.wd12.myworkdayjobs.com/NW/job/Annapolis-Junction-MD/Software---Hardware-Engineering---Intern_JR101733?utm_source=Simplify&ref=Simplify,2026-07-21,2026-07-27,nightwingintelligencesolutionssoftwarehardwareengineerannapolisj
,Nio,Data Analysis Intern 🎓,Software Engineering,,,unknown,unknown,US,unspecified,"San Jose, CA",Summer 2026,,Advanced/unknown,intern,unknown,unknown,review required,,posting,open,0,,,,ADV-DEGREE,Simplify2026,https://nio.wd3.myworkdayjobs.com/NIO_Careers/job/San-Jose-US/Data-Analysis-Intern_R-000153?utm_source=Simplify&ref=Simplify,2026-07-24,2026-07-27,niodataanalysissanjose
,Northrop Grumman,Software Engineer Intern,Software Engineering,,,unknown,unknown,US / Australia,unspecified,"Melbourne, FL",2027,,Unknown,intern,unknown,unknown,review required,,posting,open,0,,2026-07-26,,,vanshb03_2027,https://ngc.wd1.myworkdayjobs.com/northrop_grumman_external_site/job/United-States-Florida-Melbourne/XMLNAME-2027-Intern-Software-Engineer_R10239275?utm_source=github-vansh-ouckah,2026-07-26,2026-07-27,northropgrummansoftwareengineermelbourne
,Old Mission,Software Engineer Intern,Software Engineering,,,unknown,unknown,US,unspecified,"Chicago, IL",Summer 2027,,Unknown,intern,unknown,unknown,review required,,posting,open,0,,,,,"vanshb03_2027,sndsh404_2027",https://job-boards.greenhouse.io/oldmissioncapital/jobs/7796180003,2026-07-21,2026-07-27,oldmissionsoftwareengineerchicago
,Onware,Full Stack Developer-Intern Opportunity,Software Engineering,,,unknown,unknown,Canada,unspecified,"Edmonton, AB, Canada",Summer 2026,,Unknown,intern,unknown,unknown,review required,,posting,open,0,,,,,Simplify2026,https://ats.rippling.com/onware/jobs/1b9d59b6-1ab0-4c40-8429-39b5b62f019a?utm_source=Simplify&ref=Simplify,2026-07-24,2026-07-27,onwarefullstackengineeropportunityedmonton
,Palo Alto Networks,Software Engineer Intern 🎓,Software Engineering,,,unknown,unknown,US,unspecified,California,Summer 2026,,Advanced/unknown,intern,unknown,unknown,review required,,posting,open,0,,,,ADV-DEGREE,Simplify2026,https://paloaltonetworks.wd5.myworkdayjobs.com/panwexternalcareers/job/Office---USA---CA---Headquarters/Intern---Software-Engineer_JR-011598?utm_source=Simplify&ref=Simplify,2026-07-21,2026-07-27,paloaltonetworkssoftwareengineercalifornia
,Paragon,Forward Deployed Engineer (FDE) Intern 🇺🇸,Software Engineering,,,unknown,unknown,US,unspecified,"San Francisco, CA",Summer 2027,,Unknown,intern,US citizenship required,unknown,review required,,posting,open,0,,,CITIZENSHIP REVIEW,US-CITIZEN-ONLY,"vanshb03_2027,sndsh404_2027",https://www.workatastartup.com/jobs/93642?utm_source=github-vansh-ouckah,2026-07-21,2026-07-27,paragonforwarddeployedengineersanfrancisco
,Pennsylvania State University,Research and Development Engineer Intern,Software Engineering,research,,unknown,unknown,US,unspecified,"Tarentum, PA",Summer 2026,,Unknown,intern,unknown,unknown,review required,,posting,open,0,,,,,Simplify2026,https://psu.wd1.myworkdayjobs.com/PSU_Staff/job/Freeport-PA/Research-and-Development-Engineering-Intern_REQ_0000064925-1?utm_source=Simplify&ref=Simplify,2026-07-21,2026-07-27,pennsylvaniastateuniversityresearchanddevelopmentengineertarentu
,Peraton,Generative AI Engineer Intern 🎓,Software Engineering,,,unknown,unknown,US,remote,Remote in USA,Summer 2026,,Advanced/unknown,intern,unknown,unknown,review required,,posting,open,0,,,,ADV-DEGREE,Simplify2026,https://careers-peraton.icims.com/jobs/167460/job?mobile=true&needsRedirect=false&utm_source=Simplify&ref=Simplify,2026-07-21,2026-07-27,peratongenerativeaiengineerremoteinusa
,Phamily,Business Intelligence & Data Analytics Intern - Undergraduate,Data,,,unknown,unknown,US,unspecified,NYC,Summer 2026,,Undergraduate eligible,intern,unknown,unknown,review required,,posting,open,0,,,,,Simplify2026,https://job-boards.greenhouse.io/jobsatphamily/jobs/5281446008?utm_source=Simplify&ref=Simplify,2026-07-21,2026-07-27,phamilybusinessintelligencedataanalyticsundergraduatenyc
,Physical Intelligence,Research Internships,Robotics & Embodied AI,research,embodied AI,emerging-startup,private company; verify offer,US,unspecified,San Francisco,Unknown,,Unknown,intern,unknown,unknown,review required,,posting,open,0,,2026-07-24,,,Ashby/physicalintelligence,https://jobs.ashbyhq.com/physicalintelligence/f020ff1a-4b4c-4415-8434-2da5010a7076,2026-07-24,2026-07-27,physicalintelligenceresearchssanfrancisco
,Podium,Software Engineering Intern,Software Engineering,,,unknown,unknown,US,unspecified,"Lehi, UT",Summer 2027,,Unknown,intern,unknown,unknown,review required,,posting,open,0,,,,,sndsh404_2027,https://job-boards.greenhouse.io/podium81/jobs/7939921,2026-07-21,2026-07-27,podiumsoftwareengineerlehi
,Poshmark,"Cloud Platform Engineer Intern, Growth 🛂",Software Engineering,,,unknown,unknown,US,unspecified,"Redwood City, CA",Summer 2027,,Unknown,intern,unknown,unavailable,work-rights review,,posting,open,0,,,,NO-SPONSORSHIP,vanshb03_2027,https://jobs.ashbyhq.com/poshmark/062b84e6-1633-43ae-870b-83cb62893caa?utm_source=github-vansh-ouckah,2026-07-21,2026-07-27,poshmarkcloudplatformengineergrowthredwoodcity
,Primetals Technologies,Data Science Internship - Governance,Software Engineering,,,unknown,unknown,US,unspecified,"Lake Mary, FL",Summer 2026,,Unknown,intern,unknown,unknown,review required,,posting,open,0,,,,,Simplify2026,https://mhicareers.com/job/Lake-Mary-Data-Science-Internship-(Governance)-FL-32746/1401009733/?ats=successfactors&utm_source=Simplify&ref=Simplify,2026-07-24,2026-07-27,primetalstechnologiesdatasciencegovernancelakemary
,PsiQuantum,Optical Packaging and Characterization Engineer Intern,Software Engineering,,,unknown,unknown,US,unspecified,"Milpitas, CA",Summer 2026,,Unknown,intern,unknown,unknown,review required,,posting,open,0,,,,,Simplify2026,https://www.psiquantum.com/apply?gh_jid=7761881003&utm_source=Simplify&ref=Simplify,2026-07-21,2026-07-27,psiquantumopticalpackagingandcharacterizationengineermilpitas
,RELX,Software Engineer Apprentice,Software Engineering,,,unknown,unknown,UK,unspecified,"Southampton, UK",Summer 2026,,Unknown,apprenticeship,unknown,unknown,review required,,posting,open,0,,,,,Simplify2026,https://relx.wd3.myworkdayjobs.com/en-US/RiskSolutions/job/UK---Grosvenor-House-Southampton/Apprentice-Software-Engineer_R112557-1?utm_source=Simplify&ref=Simplify,2026-07-21,2026-07-27,relxsoftwareengineerapprenticesouthampton
,RFCUNY,Data Analyst Intern,Software Engineering,,,unknown,unknown,US,unspecified,NYC,Summer 2026,,Unknown,intern,unknown,unknown,review required,,posting,open,0,,,,,Simplify2026,https://rfcuny.wd108.myworkdayjobs.com/RFCUNY/job/New-York-NY/Data-Analyst-Intern_JR2987?utm_source=Simplify&ref=Simplify,2026-07-21,2026-07-27,rfcunydataanalystnyc
,Radix Trading,"Quantitative Technologist Intern, C++",Quant,,,unknown,unknown,US,unspecified,"Chicago, IL",Summer 2027,,Unknown,intern,unknown,unknown,review required,,posting,open,0,,2026-07-24,,,vanshb03_2027,https://job-boards.greenhouse.io/radixuniversity/jobs/8500265002?utm_source=github-vansh-ouckah,2026-07-24,2026-07-27,radixtradingquantitativetechnologistcchicago
,Revise Robotics,Engineer Intern,Robotics & Embodied AI,,,unknown,unknown,US,unspecified,NYC,Summer 2026,,Unknown,intern,unknown,unknown,review required,,posting,open,0,,,,,Simplify2026,https://jobs.ashbyhq.com/reviserobotics/7b0426d4-cf8c-4fdf-98a8-5a0360706633/application?embed=true&utm_source=Simplify&ref=Simplify,2026-07-21,2026-07-27,reviseroboticsengineernyc
,Rippling,"Software Engineer Intern, Backend / Full Stack / ML (Winter 2027)",Software Engineering,,,unknown,unknown,US,unspecified,"San Francisco, CA / New York, NY / Seattle, WA",Winter 2027,,Unknown,intern,unknown,unknown,review required,,posting,open,0,,,,,sndsh404_2027,https://ats.rippling.com/rippling/jobs/00cbc991-d2fb-452c-a8b6-2978f109a484,2026-07-21,2026-07-27,ripplingsoftwareengineerbackendfullstackmlsanfrancisco
,SHEIN,Data Analysis Intern,Software Engineering,,,unknown,unknown,US,unspecified,United States,Summer 2026,,Unknown,intern,unknown,unknown,review required,,posting,open,0,,,,,Simplify2026,https://fa-exjq-saasfaprod1.fa.ocs.oraclecloud.com/hcmUI/CandidateExperience/en/sites/SHEIN/job/USA87554940?utm_source=Simplify&ref=Simplify,2026-07-21,2026-07-27,sheindataanalysisunitedstates
,Sandhills Global,Software Development Intern,Software Engineering,,,unknown,unknown,US,unspecified,"Scottsdale, AZ",Summer 2026,,Unknown,intern,unknown,unknown,review required,,posting,open,0,,,,,Simplify2026,https://www.sandhills.com/careers-and-internships/details/careers/sandhills/1196/software-development-intern?utm_source=Simplify&ref=Simplify,2026-07-21,2026-07-27,sandhillsglobalsoftwaredevelopmentscottsdale
,Saronic,Enterprise Technology Intern - AI and Automation (Fall 2026),Robotics & Embodied AI,"autonomy,controls",autonomous marine systems,private-scaleup,private company; verify offer,US,unspecified,"Austin, TX",Fall 2026,,Unknown,intern,unknown,unknown,review required,,posting,open,0,,2026-07-24,,,Ashby/saronic,https://jobs.ashbyhq.com/saronic/c95c2e3a-4c67-47b0-a03d-0e0317ac11a3,2026-07-24,2026-07-27,saronicenterprisetechnologyaiandautomationaustin
,Saronic,Enterprise Technology Intern - Technical Delivery (Fall 2026),Robotics & Embodied AI,autonomy,autonomous marine systems,private-scaleup,private company; verify offer,US,unspecified,"Austin, TX",Fall 2026,,Unknown,intern,unknown,unknown,review required,,posting,open,0,,2026-07-24,,,Ashby/saronic,https://jobs.ashbyhq.com/saronic/18055a6f-030f-41ef-9116-7ffffac15f68,2026-07-24,2026-07-27,saronicenterprisetechnologytechnicaldeliveryaustin
,Saronic,Information Technology Intern (Fall 2026),Robotics & Embodied AI,"autonomy,controls",autonomous marine systems,private-scaleup,private company; verify offer,US,unspecified,"Austin, TX",Fall 2026,,Undergraduate eligible,intern,unknown,unknown,review required,,posting,open,0,,2026-07-24,,,Ashby/saronic,https://jobs.ashbyhq.com/saronic/41012936-b4a2-4d4d-9252-00dc7cc9bbcc,2026-07-24,2026-07-27,saronicinformationtechnologyaustin
,Saronic,Software Engineer Intern (Fall 2026),Robotics & Embodied AI,"perception,autonomy,hardware",autonomous marine systems,private-scaleup,private company; verify offer,US,unspecified,"Austin, TX",Fall 2026,,Undergraduate eligible,intern,unknown,unknown,review required,,posting,open,0,,2026-07-24,,,Ashby/saronic,https://jobs.ashbyhq.com/saronic/1c74957f-0895-415b-9324-08b0994747d7,2026-07-24,2026-07-27,saronicsoftwareengineeraustin
,Schweitzer Engineering Laboratories,Software Engineer Intern,Software Engineering,,,unknown,unknown,US,unspecified,"Boise, ID",2026,,Unknown,intern,unknown,unknown,review required,,posting,open,0,,,,,"Simplify2026,vanshb03_2027",https://selinc.wd1.myworkdayjobs.com/SEL/job/Idaho---Boise/Software-Engineer-Intern_2026-22321?utm_source=Simplify&ref=Simplify,2026-07-24,2026-07-27,schweitzerengineeringlaboratoriessoftwareengineerboise
,Second Order Effects,Electrical Engineering Intern (Summer 2027),Software Engineering,hardware,,unknown,unknown,US,unspecified,"El Segundo, CA / Redmond, WA",Summer 2027,,Unknown,intern,unknown,unknown,review required,,posting,open,0,,,,,sndsh404_2027,https://jobs.gem.com/soeffects/am9icG9zdDqLIuZagE8SU-HqhGf7TGYo,2026-07-21,2026-07-27,secondordereffectselectricalengineerelsegundo
,Shield AI,Electrical Engineering Spring Co-op (January 2027) (R4475),Robotics & Embodied AI,"autonomy,hardware",autonomous systems,private-scaleup,posting mentions equity,US,unspecified,"Dallas, Texas",Spring 2027,,Unknown,co-op,unknown,unknown,review required,,posting,open,0,,2026-07-24,,,Lever/shieldai,https://jobs.lever.co/shieldai/87d982f2-8b2b-4c73-9a19-71e461c7b724,2026-07-24,2026-07-27,shieldaielectricalengineerspringdallas
,Skydio,Software Engineer Intern (Fall 2026 / Winter 2027),Software Engineering,,,unknown,unknown,US,unspecified,"San Mateo, CA",Fall 2026,,Unknown,intern,unknown,unknown,review required,,posting,open,0,,,,,sndsh404_2027,https://jobs.ashbyhq.com/skydio/f6320e9b-4eed-408d-8d37-d509fb0406ee,2026-07-21,2026-07-27,skydiosoftwareengineersanmateo
,Solar Turbines,Gas Compressor Data Analyst Intern,Software Engineering,,,unknown,unknown,US,unspecified,"San Diego, CA",2027,,Unknown,intern,unknown,unavailable,work-rights review,,posting,open,0,,,,NO-SPONSORSHIP,"Simplify2026,sndsh404_2027",https://cat.wd5.myworkdayjobs.com/en-US/solarturbines/job/San-Diego-California/XMLNAME-2027-Internship--Gas-Compressor-Data-Analyst_R0000375786?utm_source=Simplify&ref=Simplify,2026-07-21,2026-07-27,solarturbinesgascompressordataanalystsandiego
,Solar Turbines,Gas Turbine Products Engineering Intern,Software Engineering,,,unknown,unknown,US,unspecified,"San Diego, CA",2027,,Unknown,intern,unknown,unknown,review required,,posting,open,0,,,,,Simplify2026,https://cat.wd5.myworkdayjobs.com/en-US/solarturbines/job/San-Diego-California/XMLNAME-2027--Gas-Turbine-Product-Engineering-Internship_R0000382293?utm_source=Simplify&ref=Simplify,2026-07-21,2026-07-27,solarturbinesgasturbineproductsengineersandiego
,Solar Turbines (Caterpillar),Solutions Platforms Engineered Intern (2027),Software Engineering,,,unknown,unknown,US,unspecified,"San Diego, CA",2027,,Unknown,intern,unknown,unknown,review required,,posting,open,0,,,,,sndsh404_2027,https://cat.wd5.myworkdayjobs.com/SolarTurbines/job/San-Diego-California/XMLNAME-2027-Internship----Solutions-Platforms-Engineered_R0000381657,2026-07-21,2026-07-27,solarturbinescaterpillarsolutionsplatformsengineeredsandiego
,Sony,Research on Generative and Protective AI for Content Creation Intern 🎓,Software Engineering,research,,unknown,unknown,US,unspecified,NYC,Summer 2026,,Advanced/unknown,intern,unknown,unknown,review required,,posting,open,0,,,,ADV-DEGREE,Simplify2026,https://sonyglobal.wd1.myworkdayjobs.com/SonyGlobalCareers/job/Remote---New-York/Research-Intern-on-Generative-and-Protective-AI-for-Content-Creation_JR-119335?utm_source=Simplify&ref=Simplify,2026-07-21,2026-07-27,sonyresearchongenerativeandprotectiveaiforcontentcreationnyc
,Spacial AI,Software Engineer Intern,Software Engineering,,,unknown,unknown,US,unspecified,"Palo Alto, CA",Summer 2026,,Unknown,intern,unknown,unknown,review required,,posting,open,0,,,,,Simplify2026,https://jobs.ashbyhq.com/spacial/67b76194-6cc0-4d37-a3e3-c21a14ff4a26/application?embed=true&utm_source=Simplify&ref=Simplify,2026-07-21,2026-07-27,spacialaisoftwareengineerpaloalto
,StarSling,Software Engineer Intern 🇺🇸,Software Engineering,,,unknown,unknown,US,unspecified,"San Mateo, CA",Summer 2027,,Unknown,intern,US citizenship required,unknown,review required,,posting,open,0,,,CITIZENSHIP REVIEW,US-CITIZEN-ONLY,vanshb03_2027,https://www.workatastartup.com/jobs/95003?utm_source=github-vansh-ouckah,2026-07-21,2026-07-27,starslingsoftwareengineersanmateo
,StepStone Group,Private Equity Infrastructure & Real Assets Summer Analyst 🛂,Software Engineering,,,unknown,unknown,US,unspecified,"New York, NY",Summer,,Unknown,summer-analyst,unknown,unavailable,work-rights review,,posting,open,0,,,,NO-SPONSORSHIP,sndsh404_2027,https://www.stepstonegroup.com/current-opportunities/?gh_jid=7872890,2026-07-21,2026-07-27,stepstonegroupprivateequityinfrastructurerealassetssummeranalyst
,Stoke Space,Software Engineer Intern,Software Engineering,,,unknown,unknown,US,unspecified,"Kent, WA",Summer 2027,,Unknown,intern,US citizenship required,unknown,review required,,posting,open,0,,,CITIZENSHIP REVIEW,US-CITIZEN-ONLY,"vanshb03_2027,sndsh404_2027",https://www.stokespace.com/careers/current-openings/?gh_jid=5987663004&jr_id=69fae0acd21cf86d1e3cd79c&utm_source=github-vansh-ouckah,2026-07-21,2026-07-27,stokespacesoftwareengineerkent
,Sunday Robotics,Manufacturing Engineering Intern (Fall 2026),Robotics & Embodied AI,hardware,home robotics,emerging-startup,private company; verify offer,US,unspecified,"Redwood City, CA",Fall 2026,,Undergraduate eligible,intern,unknown,unknown,review required,,posting,open,0,,2026-07-24,,,Ashby/sunday,https://jobs.ashbyhq.com/sunday/08feb65a-08b0-462d-aebf-4f0239a16ed8,2026-07-24,2026-07-27,sundayroboticsmanufacturingengineerredwoodcity
,Synchrony Financial,Data Analytics Intern,Data,,,unknown,unknown,US,unspecified,"Stamford, CT",Summer 2026,,Unknown,intern,unknown,unknown,review required,,posting,open,0,,,,,Simplify2026,https://synchronyfinancial.wd5.myworkdayjobs.com/University/job/Stamford-Hub/BLP-Intern---Data-Analytics_2601688?utm_source=Simplify&ref=Simplify,2026-07-21,2026-07-27,synchronyfinancialdataanalyticsstamford
,Synchrony Financial,Technology Intern - Technology,Software Engineering,,,unknown,unknown,US,unspecified,"Stamford, CT",Summer 2026,,Unknown,intern,unknown,unknown,review required,,posting,open,0,,,,,Simplify2026,https://synchronyfinancial.wd5.myworkdayjobs.com/University/job/Stamford-Hub/BLP-Intern---Technology_2601695-1?utm_source=Simplify&ref=Simplify,2026-07-21,2026-07-27,synchronyfinancialtechnologytechnologystamford
,TETRAMEM,"Software Engineer Intern, Embedded",Software Engineering,hardware,,unknown,unknown,US,unspecified,"San Jose, CA",Summer 2027,,Unknown,intern,unknown,unknown,review required,,posting,open,0,,,,,vanshb03_2027,https://tetramem.hrmdirect.com/employment/job-opening.php?req=3491042#job&utm_source=github-vansh-ouckah,2026-07-21,2026-07-27,tetramemsoftwareengineerembeddedsanjose
,TSMC Arizona,"Engineering Intern (12 roles: process, equipment, CIM / software)",Software Engineering,,,unknown,unknown,US,unspecified,"Phoenix, AZ",Summer 2027,,Unknown,intern,unknown,unknown,review required,,posting,open,0,,,,,sndsh404_2027,https://ro.careers.tsmc.com/job/Phoenix-Summer-2027-TSMC-AZ-Internship-Opportunities-Engineering-Roles-AZ-85001/1361003166/,2026-07-21,2026-07-27,tsmcarizonaengineerphoenix
,Tencent,Video Generation Content Understanding and Feedback Research Intern 🎓,Software Engineering,research,,unknown,unknown,UK,unspecified,"London, UK",Summer 2026,,Advanced/unknown,intern,unknown,unknown,review required,,posting,open,0,,,,ADV-DEGREE,Simplify2026,https://tencent.wd1.myworkdayjobs.com/OA_Huoshui_Platform/job/UK-London/Video-Generation-Content-Understanding-and-Feedback-Research-Intern_R107680?utm_source=Simplify&ref=Simplify,2026-07-21,2026-07-27,tencentvideogenerationcontentunderstandingandfeedbackresearchlon
,Tenstorrent,CPU/AI Workload Analysis Intern 🎓,Software Engineering,,,unknown,unknown,US,unspecified,"Santa Clara, CA",Summer 2026,,Advanced/unknown,intern,unknown,unknown,review required,,posting,open,0,,,,ADV-DEGREE,Simplify2026,https://job-boards.greenhouse.io/tenstorrentuniversity/jobs/5158533007?utm_source=Simplify&ref=Simplify,2026-07-21,2026-07-27,tenstorrentcpuaiworkloadanalysissantaclara
,Tenstorrent,Software Engineer Intern - Power Modeling & AI Tools,Software Engineering,,,unknown,unknown,US,unspecified,"Santa Clara, CA",Summer 2026,,Unknown,intern,unknown,unknown,review required,,posting,open,0,,,,,Simplify2026,https://job-boards.greenhouse.io/tenstorrentuniversity/jobs/5186916007?utm_source=Simplify&ref=Simplify,2026-07-24,2026-07-27,tenstorrentsoftwareengineerpowermodelingaitoolssantaclara
,Terranox AI,Summer Intern - AI/ML Engineering 🇺🇸,Software Engineering,,,unknown,unknown,US,unspecified,"San Francisco, CA",Summer,,Unknown,intern,US citizenship required,unknown,review required,,posting,open,0,,,CITIZENSHIP REVIEW,US-CITIZEN-ONLY,vanshb03_2027,https://www.workatastartup.com/jobs/94631?utm_source=github-vansh-ouckah,2026-07-21,2026-07-27,terranoxaisummeraimlengineersanfrancisco
,The Boeing Company,Intern to Entry Level Conversion Intern Program - Engineering,Software Engineering,,,unknown,unknown,US,unspecified,"30 locations Germantown, MD / Seattle, WA / Houston, TX / New Orleans, LA / Long Beach, CA / Newburgh, NY / Mesa, AZ / Miami, FL / Colorado Springs, CO / Fairfax, VA / Philadelphia, PA / Merritt Island, FL / Seal Beach, CA / Tukwila, WA / St Charles, MO / San Antonio, TX / St. Louis, MO / Everett, WA / Auburn, WA / Ridgecrest, CA / Heath, OH / Fort Walton Beach, FL / Oklahoma City, OK / Kent, WA / Portland, OR / Huntsville, AL / North Charleston, SC / Huntington Beach, CA / Hazelwood, MO / El Segundo, CA",Summer 2026,,Unknown,intern,unknown,unknown,review required,,posting,open,0,,,,,Simplify2026,https://boeing.wd1.myworkdayjobs.com/INTERN/job/USA---Seattle-WA/Intern-to-Entry-Level-Conversion---Engineering--Summer-2026-Intern-Program-_JR2026516292?utm_source=Simplify&ref=Simplify,2026-07-21,2026-07-27,theboeingcompanytoentrylevelconversionprogramengineer30locations
,The Campbell's Company,Agentic AI Engineer Co-op,Software Engineering,,,unknown,unknown,US,remote,Remote in USA,Summer 2026,,Unknown,co-op,unknown,unknown,review required,,posting,open,0,,,,,Simplify2026,https://campbellsoup.wd5.myworkdayjobs.com/externalcareers_globalsite/job/USA---Remote/Agentic-AI-Engineer-Co-Op_Req-66015?utm_source=Simplify&ref=Simplify,2026-07-21,2026-07-27,thecampbellscompanyagenticaiengineerremoteinusa
,The Campbell's Company,Data Engineer Co-op,Data,,,unknown,unknown,US,unspecified,"Philadelphia, PA",Summer 2026,,Unknown,co-op,unknown,unknown,review required,,posting,open,0,,,,,Simplify2026,https://campbellsoup.wd5.myworkdayjobs.com/externalcareers_globalsite/job/USA---NJ---Camden/Data-Engineer---Agentic-AI---ML-Ops--Co-op-_Req-65843?utm_source=Simplify&ref=Simplify,2026-07-21,2026-07-27,thecampbellscompanydataengineerphiladelphia
,The Campbell's Company,Data Engineer Co-op - Operational Support,Data,,,unknown,unknown,US,unspecified,"Philadelphia, PA",Summer 2026,,Unknown,co-op,unknown,unknown,review required,,posting,open,0,,,,,Simplify2026,https://campbellsoup.wd5.myworkdayjobs.com/externalcareers_globalsite/job/USA---NJ---Camden/Data-Engineer---Operational-Support--Co-op-_Req-65842?utm_source=Simplify&ref=Simplify,2026-07-21,2026-07-27,thecampbellscompanydataengineeroperationalsupportphiladelphia
,The Campbell's Company,Modeling and Visualization Engineer Co-op,Software Engineering,,,unknown,unknown,US,unspecified,"Gettysburg, PA",Summer 2026,,Unknown,co-op,unknown,unknown,review required,,posting,open,0,,,,,Simplify2026,https://campbellsoup.wd5.myworkdayjobs.com/externalcareers_globalsite/job/USA---PA---Hanover/Modeling-and-Visualization-Engineer-Co-Op_Req-65846?utm_source=Simplify&ref=Simplify,2026-07-21,2026-07-27,thecampbellscompanymodelingandvisualizationengineergettysburg
,The Trade Desk,"Software Engineering Intern (North America, Summer 2027)",Software Engineering,,,unknown,unknown,US,unspecified,"Denver, CO (multiple US)",Summer 2027,,Unknown,intern,unknown,unknown,review required,,posting,open,0,,,,,sndsh404_2027,https://job-boards.greenhouse.io/thetradedesk/jobs/5187605007,2026-07-21,2026-07-27,thetradedesksoftwareengineerdenver
,The Wonderful Company,Summer Internship Intern - Business Systems Analyst,Software Engineering,,,unknown,unknown,US,unspecified,"Bakersfield, CA",Summer,,Unknown,intern,unknown,unknown,review required,,posting,open,0,,,,,Simplify2026,https://jobs.smartrecruiters.com/TheWonderfulCompany/744000135343439?utm_source=Simplify&ref=Simplify,2026-07-21,2026-07-27,thewonderfulcompanysummerbusinesssystemsanalystbakersfield
,TikTok,"Applied Scientist Intern, Business Integrity (PhD)",Software Engineering,,,unknown,unknown,US,unspecified,"San Jose, CA",Summer 2027,,PhD,intern,unknown,unknown,review required,,posting,open,0,,,,,sndsh404_2027,https://lifeattiktok.com/search/7631063087262419205,2026-07-21,2026-07-27,tiktokappliedscientistbusinessintegritysanjose
,TikTok,"Applied Scientist Intern, Monetization GenAI (PhD)",Software Engineering,,,unknown,unknown,US,unspecified,"San Jose, CA",Summer 2027,,PhD,intern,unknown,unknown,review required,,posting,open,0,,,,,sndsh404_2027,https://lifeattiktok.com/search/7631062649025857797,2026-07-21,2026-07-27,tiktokappliedscientistmonetizationgenaisanjose
,TikTok,"Applied Scientist Intern, Monetization Technology (PhD)",Software Engineering,,,unknown,unknown,US,unspecified,"San Jose, CA",Summer 2027,,PhD,intern,unknown,unknown,review required,,posting,open,0,,,,,sndsh404_2027,https://lifeattiktok.com/search/7629248119245261061,2026-07-21,2026-07-27,tiktokappliedscientistmonetizationtechnologysanjose
,TikTok,"Applied Scientist Intern, Trust & Safety Multimodal Foundation Model (PhD)",Software Engineering,embodied-ai,,unknown,unknown,US,unspecified,"San Jose, CA / Seattle, WA",Summer 2027,,PhD,intern,unknown,unknown,review required,,posting,open,0,,,,,sndsh404_2027,https://lifeattiktok.com/search/7633668456744503557,2026-07-21,2026-07-27,tiktokappliedscientisttrustsafetymultimodalfoundationmodelsanjos
,TikTok,"LLM Post-training Engineer Intern, Research & Product",Software Engineering,research,,unknown,unknown,US,unspecified,"San Jose, CA",Summer 2027,,Unknown,intern,unknown,unknown,review required,,posting,open,0,,,,,vanshb03_2027,https://lifeattiktok.com/search/7631599293708126517?utm_source=github-vansh-ouckah,2026-07-21,2026-07-27,tiktokllmposttrainingengineerresearchproductsanjose
,TikTok,"Research Scientist Intern, E-commerce Recommendation LLM (PhD)",AI / ML,research,,unknown,unknown,US,unspecified,"San Jose, CA / Seattle, WA",Summer 2027,,PhD,intern,unknown,unknown,review required,,posting,open,0,,,,,sndsh404_2027,https://lifeattiktok.com/search/7629187524074342709,2026-07-21,2026-07-27,tiktokresearchscientistecommercerecommendationllmsanjose
,TikTok,"Research Scientist Intern, TikTok Recommendation NextGen LLM (PhD)",AI / ML,research,,unknown,unknown,US,unspecified,"San Jose, CA",Summer 2027,,PhD,intern,unknown,unknown,review required,,posting,open,0,,,,,sndsh404_2027,https://lifeattiktok.com/search/7633668061979543813,2026-07-21,2026-07-27,tiktokresearchscientisttiktokrecommendationnextgenllmsanjose
,Torc Robotics,System Triage Engineer Intern,Robotics & Embodied AI,,autonomous trucking,established,company-dependent,US,unspecified,"Blacksburg, VA / Ann Arbor, MI / Fort Worth, TX",Summer 2026,,Unknown,intern,unknown,unknown,review required,,posting,open,0,,,,,"Simplify2026,Greenhouse/torcrobotics",https://job-boards.greenhouse.io/torcrobotics/jobs/8597138002?utm_source=Simplify&ref=Simplify,2026-07-21,2026-07-27,torcroboticssystemtriageengineerblacksburg
,Trata,Research Scientist Intern 🇺🇸,AI / ML,research,,unknown,unknown,US,unspecified,"San Francisco, CA / New York, NY",Summer 2027,,Unknown,intern,US citizenship required,unknown,review required,,posting,open,0,,,CITIZENSHIP REVIEW,US-CITIZEN-ONLY,"vanshb03_2027,sndsh404_2027",https://www.workatastartup.com/jobs/94620?utm_source=github-vansh-ouckah,2026-07-21,2026-07-27,trataresearchscientistsanfrancisco
,TribalScale,Agile Software Engineer Co-op,Software Engineering,,,unknown,unknown,Canada,unspecified,"Toronto, ON, Canada",Summer 2026,,Unknown,co-op,unknown,unknown,review required,,posting,open,0,,,,,Simplify2026,https://job-boards.greenhouse.io/tribalscale/jobs/4687337006?utm_source=Simplify&ref=Simplify,2026-07-21,2026-07-27,tribalscaleagilesoftwareengineertoronto
,Truland Equipment,Power Platform Intern,Software Engineering,,,unknown,unknown,US,unspecified,"Fort Wayne, IN",Summer 2026,,Unknown,intern,unknown,unknown,review required,,posting,open,0,,,,,Simplify2026,https://www.trulandequip.com/about-us/careers/?gh_jid=5174621007&utm_source=Simplify&ref=Simplify,2026-07-21,2026-07-27,trulandequipmentpowerplatformfortwayne
,Uber,"Software Engineering Intern (Summer 2027, Uber Career Prep)",Software Engineering,,,unknown,unknown,US,unspecified,"San Francisco, CA / Seattle, WA / Sunnyvale, CA",Summer 2027,,Unknown,intern,unknown,unknown,review required,,posting,open,0,,,,,sndsh404_2027,https://jobs.uber.com/en/jobs/300697/,2026-07-21,2026-07-27,ubersoftwareengineersanfrancisco
,Unison (GE Aerospace),Engineering Intern (Summer 2027) 🛂 🇺🇸,Software Engineering,,,unknown,unknown,US,unspecified,"Jacksonville, FL",Summer 2027,,Unknown,intern,US citizenship required,unavailable,work-rights review,,posting,open,0,,,CITIZENSHIP REVIEW,"NO-SPONSORSHIP,US-CITIZEN-ONLY",sndsh404_2027,https://careers.geaerospace.com/global/en/job/GAOGAYGLOBALR5037097EXTERNALENGLOBAL/Unison-Engineering-Intern-Summer-2027,2026-07-21,2026-07-27,unisongeaerospaceengineerjacksonville
,United Parcel Service (UPS),Buildings and Systems Engineering Intern,Software Engineering,,,unknown,unknown,US,unspecified,United States,Summer 2026,,Unknown,intern,unknown,unknown,review required,,posting,open,0,,,,,Simplify2026,https://hcmportal.wd5.myworkdayjobs.com/en-US/Search/job/US---UPS-CORPORATE-OFFICES-GACOR/Summer-2026-Buildings---Systems-Engineering--BaSE--Intern---Information-Systems-Intern_R26015318?utm_source=Simplify&ref=Simplify,2026-07-21,2026-07-27,unitedparcelserviceupsbuildingsandsystemsengineerunitedstates
,Valeo,Warranty Engineering Co-op,Software Engineering,,,unknown,unknown,US,unspecified,"Troy, MI",Summer 2026,,Unknown,co-op,unknown,unknown,review required,,posting,open,0,,,,,Simplify2026,https://valeo.wd3.myworkdayjobs.com/en-US/valeo_jobs/job/Troy-MI/Warranty-Engineering-Co-Op_REQ2026071365?utm_source=Simplify&ref=Simplify,2026-07-21,2026-07-27,valeowarrantyengineertroy
,Varick Agents,Engineer Intern,Software Engineering,,,unknown,unknown,US,unspecified,SF,Summer 2026,,Unknown,intern,unknown,unknown,review required,,posting,open,0,,,,,Simplify2026,https://jobs.ashbyhq.com/varick-agents/b2df1c3b-43c7-40d4-8271-150a06f10bf2/application?embed=true&utm_source=Simplify&ref=Simplify,2026-07-21,2026-07-27,varickagentsengineersf
,Veeam Software,"Software Engineering Intern, Platform, Security & AI",Software Engineering,,,unknown,unknown,US,unspecified,"San Jose, CA",Summer 2027,,Unknown,intern,unknown,unknown,review required,,posting,open,0,,,,,vanshb03_2027,https://job-boards.eu.greenhouse.io/veeamsoftware/jobs/4857832101?utm_source=github-vansh-ouckah,2026-07-21,2026-07-27,veeamsoftwaresoftwareengineerplatformsecurityaisanjose
,Veeam Software,"Software Engineering Intern, Policy Engineering",Software Engineering,,,unknown,unknown,US,unspecified,"San Jose, CA",Summer 2027,,Unknown,intern,unknown,unknown,review required,,posting,open,0,,,,,vanshb03_2027,https://job-boards.eu.greenhouse.io/veeamsoftware/jobs/4857828101?utm_source=github-vansh-ouckah,2026-07-21,2026-07-27,veeamsoftwaresoftwareengineerpolicyengineersanjose
,VetsEZ,Full Stack Developer Intern,Software Engineering,,,unknown,unknown,US,remote,Remote in US,Summer 2026,,Unknown,intern,unknown,unknown,review required,,posting,open,0,,,,,Simplify2026,https://vetsez.breezy.hr/p/a4010fdb3a7001-full-stack-developer-intern-remote-opportunity?utm_source=Simplify&ref=Simplify,2026-07-21,2026-07-27,vetsezfullstackengineerremoteinus
,Viridien,Software Engineer Intern,Software Engineering,,,unknown,unknown,UK,unspecified,"Crawley, UK",Summer 2026,,Unknown,intern,unknown,unknown,review required,,posting,open,0,,,,,Simplify2026,https://cgg.wd103.myworkdayjobs.com/viridiencareers/job/Crawley-United-Kingdom/Software-Engineering-Intern_JR101336-1?utm_source=Simplify&ref=Simplify,2026-07-21,2026-07-27,viridiensoftwareengineercrawley
,Voloridge Investment Management,Quantitative Developer Intern,Quant,,,unknown,unknown,US,unspecified,"Jupiter, FL",2027,,Unknown,intern,unknown,unknown,review required,,posting,open,0,,,,,"vanshb03_2027,sndsh404_2027",https://job-boards.greenhouse.io/voloridgeinvestmentmanagement/jobs/4224862009,2026-07-21,2026-07-27,voloridgeinvestmentmanagementquantitativeengineerjupiter
,Voloridge Investment Management,Quantitative Research Intern,Quant,research,,unknown,unknown,US,unspecified,"Jupiter, FL",Summer 2027,,Unknown,intern,unknown,unknown,review required,,posting,open,0,,,,,sndsh404_2027,https://job-boards.greenhouse.io/voloridgeinvestmentmanagement/jobs/4226247009,2026-07-21,2026-07-27,voloridgeinvestmentmanagementquantitativeresearchjupiter
,WSP,Software Developer Intern,Software Engineering,,,unknown,unknown,US,unspecified,"Dallas, TX",Summer 2027,,Unknown,intern,unknown,unknown,review required,,posting,open,0,,,,,vanshb03_2027,https://emit.fa.ca3.oraclecloud.com/hcmUI/CandidateExperience/en/sites/CX_2001/job/86808?utm_source=github-vansh-ouckah,2026-07-21,2026-07-27,wspsoftwareengineerdallas
,Waabi,"2026 Intern, PhD Research Scientist",Robotics & Embodied AI,"perception,autonomy,controls,robot-software,research",autonomous trucking,startup,private company; verify offer,Canada,unspecified,"Toronto, ON",2026,,PhD,intern,unknown,unknown,review required,,posting,open,0,,2026-07-24,,,Lever/waabi,https://jobs.lever.co/waabi/62700386-b9db-4c78-aec3-5ef59cbe841e,2026-07-24,2026-07-27,waabiphdresearchscientisttoronto
,Waabi,Research Internship/Co-op,Robotics & Embodied AI,"perception,autonomy,controls,robot-software,research",autonomous trucking,startup,private company; verify offer,Canada,unspecified,"Toronto, ON",Unknown,,Undergraduate eligible,co-op,unknown,unknown,review required,,posting,open,0,,2026-07-24,,,Lever/waabi,https://jobs.lever.co/waabi/0fd4e30b-9bd1-4b53-9043-6088457363cb,2026-07-24,2026-07-27,waabiresearchtoronto
,Walleye Capital,Equity Volatility Quant Researcher Intern,Quant,,,unknown,unknown,US,unspecified,"Miami, FL",Summer 2027,,Unknown,intern,unknown,unknown,review required,,posting,open,0,,2026-07-24,,,vanshb03_2027,https://job-boards.greenhouse.io/walleyecapital-external-students/jobs/4676334006?utm_source=github-vansh-ouckah,2026-07-24,2026-07-27,walleyecapitalequityvolatilityquantresearchermiami
,Walleye Capital,Investment Data Science Intern,Software Engineering,,,unknown,unknown,US,unspecified,"New York, NY",Summer 2027,,Unknown,intern,unknown,unknown,review required,,posting,open,0,,2026-07-24,,,vanshb03_2027,https://job-boards.greenhouse.io/walleyecapital-external-students/jobs/4676587006?utm_source=github-vansh-ouckah,2026-07-24,2026-07-27,walleyecapitalinvestmentdatasciencenewyork
,Walleye Capital,Quant Developer Intern,Quant,,,unknown,unknown,US,unspecified,"Boston, MA",Summer 2027,,Unknown,intern,unknown,unknown,review required,,posting,open,0,,,,,sndsh404_2027,https://job-boards.greenhouse.io/walleyecapital-external-students/jobs/4679168006,2026-07-21,2026-07-27,walleyecapitalquantengineerboston
,Walleye Capital,Risk Technology Analyst Intern,Software Engineering,,,unknown,unknown,US,unspecified,"New York, NY",Summer 2027,,Unknown,intern,unknown,unknown,review required,,posting,open,0,,2026-07-24,,,vanshb03_2027,https://job-boards.greenhouse.io/walleyecapital-external-students/jobs/4679224006?utm_source=github-vansh-ouckah,2026-07-24,2026-07-27,walleyecapitalrisktechnologyanalystnewyork
,Walleye Capital,Technology Intern,Software Engineering,,,unknown,unknown,US,unspecified,"New York, NY",Summer 2027,,Unknown,intern,unknown,unknown,review required,,posting,open,0,,2026-07-24,,,vanshb03_2027,https://job-boards.greenhouse.io/walleyecapital-external-students/jobs/4681002006?utm_source=github-vansh-ouckah,2026-07-24,2026-07-27,walleyecapitaltechnologynewyork
,Western Digital,Software Engineering Co-op (Winter 2027),Software Engineering,,,unknown,unknown,US,unspecified,"Milpitas, CA",Winter 2027,,Unknown,co-op,unknown,unknown,review required,,posting,open,0,,,,,sndsh404_2027,https://jobs.smartrecruiters.com/WesternDigital/744000138184309,2026-07-21,2026-07-27,westerndigitalsoftwareengineermilpitas
,Western Digital,Software Engineering Intern (Summer 2027),Software Engineering,,,unknown,unknown,US,unspecified,"San Jose, CA",Summer 2027,,Unknown,intern,unknown,unknown,review required,,posting,open,0,,,,,sndsh404_2027,https://jobs.smartrecruiters.com/WesternDigital/744000138727213-summer-2027-software-engineering-internship,2026-07-21,2026-07-27,westerndigitalsoftwareengineersanjose
,X Development,PhD Residency Intern - Physical ML & Hardware-in-the-Loop - Future of Compute 🎓,Software Engineering,,,unknown,unknown,US,unspecified,"Mountain View, CA",Summer 2026,,PhD,fellowship,unknown,unknown,review required,,posting,open,0,,,,ADV-DEGREE,Simplify2026,https://x.company/careers/8616839002?gh_jid=8616839002&utm_source=Simplify&ref=Simplify,2026-07-21,2026-07-27,xdevelopmentphdresidencyphysicalmlhardwareintheloopfutureofcompu
,XPENG Motors,AI Infrastructure Onboard Performance Intern 🎓,Software Engineering,,,unknown,unknown,US,unspecified,"Santa Clara, CA",Summer 2026,,Advanced/unknown,intern,unknown,unknown,review required,,posting,open,0,,,,ADV-DEGREE,Simplify2026,https://job-boards.greenhouse.io/xpengmotors/jobs/8581353002?utm_source=Simplify&ref=Simplify,2026-07-21,2026-07-27,xpengmotorsaiinfrastructureonboardperformancesantaclara
,Zipline,Controls Engineer Intern (Fall 2026),Robotics & Embodied AI,controls,autonomous delivery,private-scaleup,private company; verify offer,US,unspecified,"South San Francisco, California, USA",Fall 2026,,Unknown,intern,unknown,unknown,review required,,posting,open,0,,2026-07-24,,,Greenhouse/flyzipline,https://www.zipline.com/open-roles?gh_jid=7772233003,2026-07-24,2026-07-27,ziplinecontrolsengineersouthsanfrancisco
,Zipline,Electrical Engineer Intern (Fall 2026),Robotics & Embodied AI,hardware,autonomous delivery,private-scaleup,private company; verify offer,US,unspecified,"South San Francisco, California, USA",Fall 2026,,Unknown,intern,unknown,unknown,review required,,posting,open,0,,2026-07-24,,,Greenhouse/flyzipline,https://www.zipline.com/open-roles?gh_jid=7743207003,2026-07-24,2026-07-27,ziplineelectricalengineersouthsanfrancisco
,Zipline,Electrical Project Engineer Intern (Fall 2026),Robotics & Embodied AI,hardware,autonomous delivery,private-scaleup,private company; verify offer,US,unspecified,"South San Francisco, California, USA",Fall 2026,,Unknown,intern,unknown,unknown,review required,,posting,open,0,,2026-07-24,,,Greenhouse/flyzipline,https://www.zipline.com/open-roles?gh_jid=7763835003,2026-07-24,2026-07-27,ziplineelectricalprojectengineersouthsanfrancisco
,Zipline,Embedded Software Engineer Intern (Fall 2026),Robotics & Embodied AI,hardware,autonomous delivery,private-scaleup,private company; verify offer,US,unspecified,"South San Francisco, California, USA",Fall 2026,,Unknown,intern,unknown,unknown,review required,,posting,open,0,,2026-07-24,,,Greenhouse/flyzipline,https://www.zipline.com/open-roles?gh_jid=7765240003,2026-07-24,2026-07-27,ziplineembeddedsoftwareengineersouthsanfrancisco
,Zipline,Enterprise Systems Software Engineer Intern (Fall 2026),Robotics & Embodied AI,,autonomous delivery,private-scaleup,private company; verify offer,US,unspecified,"South San Francisco, California, USA",Fall 2026,,Unknown,intern,unknown,unknown,review required,,posting,open,0,,2026-07-24,,,Greenhouse/flyzipline,https://www.zipline.com/open-roles?gh_jid=7767667003,2026-07-24,2026-07-27,ziplineenterprisesystemssoftwareengineersouthsanfrancisco
,Zipline,Flight Test Engineer Intern (Fall 2026),Robotics & Embodied AI,,autonomous delivery,private-scaleup,private company; verify offer,US,unspecified,"South San Francisco, California, USA",Fall 2026,,Unknown,intern,unknown,unknown,review required,,posting,open,0,,2026-07-24,,,Greenhouse/flyzipline,https://www.zipline.com/open-roles?gh_jid=7767622003,2026-07-24,2026-07-27,ziplineflighttestengineersouthsanfrancisco
,Zipline,Mechatronics Perception Intern (Fall 2026),Robotics & Embodied AI,"perception,hardware",autonomous delivery,private-scaleup,private company; verify offer,US,unspecified,"South San Francisco, California, USA",Fall 2026,,Unknown,intern,unknown,unknown,review required,,posting,open,0,,2026-07-24,,,Greenhouse/flyzipline,https://www.zipline.com/open-roles?gh_jid=7763697003,2026-07-24,2026-07-27,ziplinemechatronicsperceptionsouthsanfrancisco
,Zipline,Perception Intern (Fall 2026),Robotics & Embodied AI,perception,autonomous delivery,private-scaleup,private company; verify offer,US,unspecified,"South San Francisco, California, USA",Fall 2026,,Unknown,intern,unknown,unknown,review required,,posting,open,0,,2026-07-24,,,Greenhouse/flyzipline,https://www.zipline.com/open-roles?gh_jid=7761650003,2026-07-24,2026-07-27,ziplineperceptionsouthsanfrancisco
,Zipline,Software Engineer Intern (Fall 2026),Robotics & Embodied AI,,autonomous delivery,private-scaleup,private company; verify offer,US,unspecified,"South San Francisco, California, USA",Fall 2026,,Unknown,intern,unknown,unknown,review required,,posting,open,0,,2026-07-24,,,Greenhouse/flyzipline,https://www.zipline.com/open-roles?gh_jid=7787509003,2026-07-24,2026-07-27,ziplinesoftwareengineersouthsanfrancisco
,Zipline,Supplier Industrialization Engineering Intern (Fall 2026),Robotics & Embodied AI,,autonomous delivery,private-scaleup,private company; verify offer,US,unspecified,"South San Francisco, California, USA",Fall 2026,,Unknown,intern,unknown,unknown,review required,,posting,open,0,,2026-07-24,,,Greenhouse/flyzipline,https://www.zipline.com/open-roles?gh_jid=7766424003,2026-07-24,2026-07-27,ziplinesupplierindustrializationengineersouthsanfrancisco
,iHerb,Software Development Intern,Software Engineering,,,unknown,unknown,US,remote,Remote in USA,Summer 2026,,Unknown,intern,unknown,unknown,review required,,posting,open,0,,,,,Simplify2026,https://job-boards.greenhouse.io/iherb/jobs/7776154003?utm_source=Simplify&ref=Simplify,2026-07-21,2026-07-27,iherbsoftwaredevelopmentremoteinusa
,kos.ai,Software Engineer Intern,Software Engineering,,,unknown,unknown,US,unspecified,SF,Summer 2026,,Unknown,intern,unknown,unknown,review required,,posting,open,0,,,,,Simplify2026,https://jobs.ashbyhq.com/kos.ai/efab6ffb-9658-47f7-8b5f-a295c55957d3/application?utm_source=Simplify&ref=Simplify,2026-07-21,2026-07-27,kosaisoftwareengineersf
,pony.ai,Research Intern - Deep Learning 🎓,AI / ML,research,,unknown,unknown,US,unspecified,"Fremont, CA",Summer 2026,,Advanced/unknown,intern,unknown,unknown,review required,,posting,open,0,,,,ADV-DEGREE,Simplify2026,https://apply.workable.com/pony-dot-ai/j/4C1F53EF5D/apply?utm_source=Simplify&ref=Simplify,2026-07-21,2026-07-27,ponyairesearchdeeplearningfremont
,pony.ai,Software Engineer Intern,Software Engineering,,,unknown,unknown,US,unspecified,"Fremont, CA",Summer 2026,,Unknown,intern,unknown,unknown,review required,,posting,open,0,,,,,Simplify2026,https://apply.workable.com/pony-dot-ai/j/BA5FFDBC71/apply?utm_source=Simplify&ref=Simplify,2026-07-21,2026-07-27,ponyaisoftwareengineerfremont
,🔥 ByteDance,3D Graphics Engineer Intern - PICO Foundation,Software Engineering,,,unknown,unknown,US,unspecified,"San Jose, CA",Summer 2026,,Unknown,intern,unknown,unknown,review required,,posting,open,0,,,,,Simplify2026,https://jobs.bytedance.com/en/position/7564516412456306997/detail?utm_source=Simplify&ref=Simplify,2026-07-21,2026-07-27,bytedancedgraphicsengineerpicofoundationsanjose
,🔥 ByteDance,Applied Research Intern - AI Safety Security - Global Tech Research Program 🎓,Software Engineering,research,,unknown,unknown,US,unspecified,"San Jose, CA",Summer 2026,,Advanced/unknown,intern,unknown,unknown,review required,,posting,open,0,,,,ADV-DEGREE,Simplify2026,https://jobs.bytedance.com/en/position/7645070235035044101/detail?utm_source=Simplify&ref=Simplify,2026-07-21,2026-07-27,bytedanceappliedresearchaisafetysecurityglobaltechresearchprogra
,🔥 ByteDance,Machine Learning Engineer Intern - E-Commerce Knowledge Graph - Computer Vision/Multimodal/Natural Language Processing,AI / ML,perception,,unknown,unknown,US,unspecified,"Seattle, WA",Summer 2026,,Unknown,intern,unknown,unknown,review required,,posting,open,0,,,,,Simplify2026,https://jobs.bytedance.com/en/position/7543005612200970503/detail?utm_source=Simplify&ref=Simplify,2026-07-21,2026-07-27,bytedancemachinelearningengineerecommerceknowledgegraphcomputerv
,🔥 ByteDance,Machine Learning Engineer Intern - E-commerce Governance Algorithms,AI / ML,,,unknown,unknown,US,unspecified,"Seattle, WA",Summer 2026,,Advanced/unknown,intern,unknown,unknown,review required,,posting,open,0,,,,ADV-DEGREE,Simplify2026,https://jobs.bytedance.com/en/position/7535168003103033618/detail?utm_source=Simplify&ref=Simplify,2026-07-21,2026-07-27,bytedancemachinelearningengineerecommercegovernancealgorithmssea
,🔥 ByteDance,Machine Learning Engineer Intern - Global E-commerce Risk Control,AI / ML,controls,,unknown,unknown,US,unspecified,"Seattle, WA",Summer 2026,,Advanced/unknown,intern,unknown,unknown,review required,,posting,open,0,,,,ADV-DEGREE,Simplify2026,https://jobs.bytedance.com/en/position/7535953226975054098/detail?utm_source=Simplify&ref=Simplify,2026-07-21,2026-07-27,bytedancemachinelearningengineerglobalecommerceriskcontrolseattl
,🔥 ByteDance,Network Software Development Engineer Intern - Network Switch,Software Engineering,,,unknown,unknown,US,unspecified,"San Jose, CA",Summer 2026,,Unknown,intern,unknown,unknown,review required,,posting,open,0,,,,,Simplify2026,https://jobs.bytedance.com/en/position/7537117266451171592/detail?utm_source=Simplify&ref=Simplify,2026-07-21,2026-07-27,bytedancenetworksoftwaredevelopmentengineernetworkswitchsanjose
,🔥 ByteDance,Research Intern - AI/LLM Network 🎓,Software Engineering,research,,unknown,unknown,US,unspecified,"Seattle, WA",Summer 2026,,Advanced/unknown,intern,unknown,unknown,review required,,posting,open,0,,,,ADV-DEGREE,Simplify2026,https://jobs.bytedance.com/en/position/7539992380817639687/detail?utm_source=Simplify&ref=Simplify,2026-07-21,2026-07-27,bytedanceresearchaillmnetworkseattle
,🔥 ByteDance,Research Intern - AI/LLM Network 🎓,Software Engineering,research,,unknown,unknown,US,unspecified,"San Jose, CA",Summer 2026,,Advanced/unknown,intern,unknown,unknown,review required,,posting,open,0,,,,ADV-DEGREE,Simplify2026,https://jobs.bytedance.com/en/position/7539991964504017170/detail?utm_source=Simplify&ref=Simplify,2026-07-21,2026-07-27,bytedanceresearchaillmnetworksanjose
,🔥 ByteDance,Research Intern - SDN Traffic Intelligence & Control 🎓,Software Engineering,"controls,research",,unknown,unknown,US,unspecified,"Seattle, WA",Summer 2026,,Advanced/unknown,intern,unknown,unknown,review required,,posting,open,0,,,,ADV-DEGREE,Simplify2026,https://jobs.bytedance.com/en/position/7537161874254776583/detail?utm_source=Simplify&ref=Simplify,2026-07-21,2026-07-27,bytedanceresearchsdntrafficintelligencecontrolseattle
,🔥 ByteDance,Research Intern - SDN Traffic Intelligence & Control 🎓,Software Engineering,"controls,research",,unknown,unknown,US,unspecified,"San Jose, CA",Summer 2026,,Advanced/unknown,intern,unknown,unknown,review required,,posting,open,0,,,,ADV-DEGREE,Simplify2026,https://jobs.bytedance.com/en/position/7537161497627281682/detail?utm_source=Simplify&ref=Simplify,2026-07-21,2026-07-27,bytedanceresearchsdntrafficintelligencecontrolsanjose
,🔥 ByteDance,Research Intern - Virtual Network 🎓,Software Engineering,research,,unknown,unknown,US,unspecified,"San Jose, CA",Summer 2026,,Advanced/unknown,intern,unknown,unknown,review required,,posting,open,0,,,,"ADV-DEGREE,HOT",Simplify2026,https://jobs.bytedance.com/en/position/7537164763424606482/detail?utm_source=Simplify&ref=Simplify,2026-07-21,2026-07-27,bytedanceresearchvirtualnetworksanjose
,🔥 ByteDance,Research Scientist Intern - Applied Machine Learning-Enterprise 🎓,AI / ML,research,,unknown,unknown,US,unspecified,"San Jose, CA",Summer 2026,,Advanced/unknown,intern,unknown,unknown,review required,,posting,open,0,,,,ADV-DEGREE,Simplify2026,https://jobs.bytedance.com/en/position/7539697151993268488/detail?utm_source=Simplify&ref=Simplify,2026-07-21,2026-07-27,bytedanceresearchscientistappliedmachinelearningenterprisesanjos
,🔥 ByteDance,Researcher Intern - Virtual Network 🎓,Software Engineering,,,unknown,unknown,US,unspecified,"Seattle, WA",Summer 2026,,Advanced/unknown,intern,unknown,unknown,review required,,posting,open,0,,,,ADV-DEGREE,Simplify2026,https://jobs.bytedance.com/en/position/7537163899668531474/detail?utm_source=Simplify&ref=Simplify,2026-07-21,2026-07-27,bytedanceresearchervirtualnetworkseattle
,🔥 ByteDance,Software Development Engineer Intern - Network Automation,Software Engineering,,,unknown,unknown,US,unspecified,"San Jose, CA",Summer 2026,,Unknown,intern,unknown,unknown,review required,,posting,open,0,,,,HOT,Simplify2026,https://jobs.bytedance.com/en/position/7537152240618195208/detail?utm_source=Simplify&ref=Simplify,2026-07-21,2026-07-27,bytedancesoftwaredevelopmentengineernetworkautomationsanjose
,🔥 ByteDance,Software Development Engineer Intern - Network Automation,Software Engineering,,,unknown,unknown,US,unspecified,"Seattle, WA",Summer 2026,,Unknown,intern,unknown,unknown,review required,,posting,open,0,,,,,Simplify2026,https://jobs.bytedance.com/en/position/7537152632018012424/detail?utm_source=Simplify&ref=Simplify,2026-07-21,2026-07-27,bytedancesoftwaredevelopmentengineernetworkautomationseattle
,🔥 ByteDance,Software Engineer Intern - Applied Machine Learning-Enterprise 🎓,AI / ML,,,unknown,unknown,US,unspecified,"San Jose, CA",Summer 2026,,Advanced/unknown,intern,unknown,unknown,review required,,posting,open,0,,,,ADV-DEGREE,Simplify2026,https://jobs.bytedance.com/en/position/7533045355162044690/detail?utm_source=Simplify&ref=Simplify,2026-07-21,2026-07-27,bytedancesoftwareengineerappliedmachinelearningenterprisesanjose
,🔥 ByteDance,Software Engineer Intern - Developer Infrastructure,Software Engineering,,,unknown,unknown,US,unspecified,"San Jose, CA",Summer 2026,,Unknown,intern,unknown,unknown,review required,,posting,open,0,,,,HOT,Simplify2026,https://jobs.bytedance.com/en/position/7595707875767699765/detail?utm_source=Simplify&ref=Simplify,2026-07-21,2026-07-27,bytedancesoftwareengineerengineerinfrastructuresanjose
,🔥 ByteDance,Student Researcher Intern 🎓,Software Engineering,,,unknown,unknown,US,unspecified,"San Jose, CA",Summer 2026,,Advanced/unknown,intern,unknown,unknown,review required,,posting,open,0,,,,ADV-DEGREE,Simplify2026,https://jobs.bytedance.com/en/position/7538943251756910856/detail?utm_source=Simplify&ref=Simplify,2026-07-21,2026-07-27,bytedancestudentresearchersanjose
,🔥 Tesla,AI Hardware Design Engineer Intern - AI Hardware Design Engineer - AI Hardware,Software Engineering,,,unknown,unknown,US,unspecified,"Palo Alto, CA / Austin, TX",Summer 2026,,Unknown,intern,unknown,unknown,review required,,posting,open,0,,,,HOT,Simplify2026,https://www.tesla.com/careers/search/job/272462?utm_source=Simplify&ref=Simplify,2026-07-21,2026-07-27,teslaaihardwaredesignengineeraihardwaredesignengineeraihardwarep
,🔥 Tesla,AI Inference Engineer Intern - Software Compiler Engineer - AI Inference,Software Engineering,,,unknown,unknown,US,unspecified,"Palo Alto, CA",Summer 2026,,Unknown,intern,unknown,unknown,review required,,posting,open,0,,,,,Simplify2026,https://www.tesla.com/careers/search/job/263211?utm_source=Simplify&ref=Simplify,2026-07-21,2026-07-27,teslaaiinferenceengineersoftwarecompilerengineeraiinferencepaloa
,🔥 Tesla,AI Performance Engineer Intern - AI Performance Engineer - Performance Optimization,Software Engineering,,,unknown,unknown,US,unspecified,"Palo Alto, CA",Summer 2026,,Unknown,intern,unknown,unknown,review required,,posting,open,0,,,,HOT,Simplify2026,https://www.tesla.com/careers/search/job/263759?utm_source=Simplify&ref=Simplify,2026-07-21,2026-07-27,teslaaiperformanceengineeraiperformanceengineerperformanceoptimi
,🔥 Tesla,Data Engineer Intern - Applications Engineering,Data,,,unknown,unknown,US,unspecified,"Fremont, CA",Summer 2026,,Unknown,intern,unknown,unknown,review required,,posting,open,0,,,,HOT,Simplify2026,https://www.tesla.com/careers/search/job/272928?utm_source=Simplify&ref=Simplify,2026-07-21,2026-07-27,tesladataengineerapplicationsengineerfremont
,🔥 Tesla,Embedded Software Engineer Intern - Embedded Software Engineer - Body Controls Firmware,Software Engineering,"controls,hardware",,unknown,unknown,US,unspecified,"Palo Alto, CA",Summer 2026,,Unknown,intern,unknown,unknown,review required,,posting,open,0,,,,HOT,Simplify2026,https://www.tesla.com/careers/search/job/270618?utm_source=Simplify&ref=Simplify,2026-07-21,2026-07-27,teslaembeddedsoftwareengineerembeddedsoftwareengineerbodycontrol
,🔥 Tesla,Energy Engineering Intern - Cost Reduction,Software Engineering,,,unknown,unknown,US,unspecified,"Palo Alto, CA",Summer 2026,,Unknown,intern,unknown,unknown,review required,,posting,open,0,,,,HOT,Simplify2026,https://www.tesla.com/careers/search/job/270511?utm_source=Simplify&ref=Simplify,2026-07-21,2026-07-27,teslaenergyengineercostreductionpaloalto
,🔥 Tesla,Energy System Optimization Intern - Energy Optimization Software,Software Engineering,,,unknown,unknown,US,unspecified,"Palo Alto, CA / Fremont, CA / Austin, TX",Summer 2026,,Unknown,intern,unknown,unknown,review required,,posting,open,0,,,,,Simplify2026,https://www.tesla.com/careers/search/job/271349?utm_source=Simplify&ref=Simplify,2026-07-21,2026-07-27,teslaenergysystemoptimizationenergyoptimizationsoftwarepaloalto
,🔥 Tesla,Inline Metrology Systems Design/Engineer Intern - Cell Engineering,Software Engineering,,,unknown,unknown,US,unspecified,"Fremont, CA",Summer 2026,,Unknown,intern,unknown,unknown,review required,,posting,open,0,,,,HOT,Simplify2026,https://www.tesla.com/careers/search/job/275335?utm_source=Simplify&ref=Simplify,2026-07-21,2026-07-27,teslainlinemetrologysystemsdesignengineercellengineerfremont
,🔥 Tesla,RL Engineer Intern - RL Engineer - Tesla AI,Software Engineering,,,unknown,unknown,US,unspecified,"Palo Alto, CA",Summer 2026,,Unknown,intern,unknown,unknown,review required,,posting,open,0,,,,HOT,Simplify2026,https://www.tesla.com/careers/search/job/275494?utm_source=Simplify&ref=Simplify,2026-07-21,2026-07-27,teslarlengineerrlengineerteslaaipaloalto
,🔥 Tesla,Sensor Hardware Engineer Intern - Sensor Hardware Design Engineer - Optimus,Software Engineering,,,unknown,unknown,US,unspecified,"Palo Alto, CA",Summer 2026,,Unknown,intern,unknown,unknown,review required,,posting,open,0,,,,,Simplify2026,https://www.tesla.com/careers/search/job/272581?utm_source=Simplify&ref=Simplify,2026-07-21,2026-07-27,teslasensorhardwareengineersensorhardwaredesignengineeroptimuspa
,🔥 Tesla,Software Engineer Intern - Fullstack Software Engineer - Fleetnet,Software Engineering,,,unknown,unknown,US,unspecified,"Palo Alto, CA",Summer 2026,,Unknown,intern,unknown,unknown,review required,,posting,open,0,,,,,Simplify2026,https://www.tesla.com/careers/search/job/266764?utm_source=Simplify&ref=Simplify,2026-07-21,2026-07-27,teslasoftwareengineerfullstacksoftwareengineerfleetnetpaloalto
,🔥 Tesla,Software Engineer Intern - Software Engineer - AI Hardware Infrastructure,Software Engineering,,,unknown,unknown,US,unspecified,"Palo Alto, CA",Summer 2026,,Unknown,intern,unknown,unknown,review required,,posting,open,0,,,,HOT,Simplify2026,https://www.tesla.com/careers/search/job/260382?utm_source=Simplify&ref=Simplify,2026-07-21,2026-07-27,teslasoftwareengineersoftwareengineeraihardwareinfrastructurepal
,🔥 Tesla,Software Engineer Intern - Software Engineer - Energy Engineering,Software Engineering,,,unknown,unknown,US,unspecified,"Palo Alto, CA / Fremont, CA",Summer 2026,,Unknown,intern,unknown,unknown,review required,,posting,open,0,,,,,Simplify2026,https://www.tesla.com/careers/search/job/271362?utm_source=Simplify&ref=Simplify,2026-07-21,2026-07-27,teslasoftwareengineersoftwareengineerenergyengineerpaloalto
,🔥 Tesla,Software Engineer Intern - Vehicle UI Development,Software Engineering,,,unknown,unknown,US,unspecified,"Palo Alto, CA",Summer 2026,,Unknown,intern,unknown,unknown,review required,,posting,open,0,,,,,Simplify2026,https://www.tesla.com/careers/search/job/270063?utm_source=Simplify&ref=Simplify,2026-07-21,2026-07-27,teslasoftwareengineervehicleuidevelopmentpaloalto
,🔥 Tesla,Vehicle Software Intern - Torque Path & Chassis Controls,Software Engineering,controls,,unknown,unknown,US,unspecified,"Palo Alto, CA",Summer 2026,,Unknown,intern,unknown,unknown,review required,,posting,open,0,,,,HOT,Simplify2026,https://www.tesla.com/careers/search/job/274760?utm_source=Simplify&ref=Simplify,2026-07-21,2026-07-27,teslavehiclesoftwaretorquepathchassiscontrolspaloalto
,🔥 TikTok,AI Software Engineer Intern - Transaction Platform,Software Engineering,,,unknown,unknown,US,unspecified,"San Jose, CA",Summer 2026,,Unknown,intern,unknown,unknown,review required,,posting,open,0,,,,HOT,Simplify2026,https://lifeattiktok.com/search/7646621925436131637?utm_source=Simplify&ref=Simplify,2026-07-21,2026-07-27,tiktokaisoftwareengineertransactionplatformsanjose
,🔥 TikTok,Backend Software Engineer Intern - Media Platform,Software Engineering,,,unknown,unknown,US,unspecified,"San Jose, CA",Summer 2026,,Unknown,intern,unknown,unknown,review required,,posting,open,0,,,,HOT,Simplify2026,https://lifeattiktok.com/search/7538301580093720840?utm_source=Simplify&ref=Simplify,2026-07-21,2026-07-27,tiktokbackendsoftwareengineermediaplatformsanjose
,🔥 TikTok,Data Scientist Intern - TikTok Shop User Product DS 🎓,Data,,,unknown,unknown,US,unspecified,"Seattle, WA",Summer 2026,,Advanced/unknown,intern,unknown,unknown,review required,,posting,open,0,,,,"ADV-DEGREE,HOT",Simplify2026,https://lifeattiktok.com/search/7532254890627696903?utm_source=Simplify&ref=Simplify,2026-07-21,2026-07-27,tiktokdatascientisttiktokshopuserproductdsseattle
,🔥 TikTok,Machine Learning Engineer Intern - Global E-Commerce Content Recommendation,AI / ML,,,unknown,unknown,US,unspecified,"Seattle, WA",Summer 2026,,Unknown,intern,unknown,unknown,review required,,posting,open,0,,,,,Simplify2026,https://lifeattiktok.com/search/7527077153591675154?utm_source=Simplify&ref=Simplify,2026-07-21,2026-07-27,tiktokmachinelearningengineerglobalecommercecontentrecommendatio
,🔥 TikTok,Machine Learning Engineer Intern - Monetization Technology,AI / ML,,,unknown,unknown,US,unspecified,"San Jose, CA",Summer 2026,,Unknown,intern,unknown,unknown,review required,,posting,open,0,,,,,Simplify2026,https://lifeattiktok.com/search/7562342433721862405?utm_source=Simplify&ref=Simplify,2026-07-21,2026-07-27,tiktokmachinelearningengineermonetizationtechnologysanjose
,🔥 TikTok,Machine Learning Engineer Intern - Tiktok-Recommendation 🎓,AI / ML,,,unknown,unknown,US,unspecified,"San Jose, CA",Summer 2026,,Advanced/unknown,intern,unknown,unknown,review required,,posting,open,0,,,,ADV-DEGREE,Simplify2026,https://lifeattiktok.com/search/7527065936093858055?utm_source=Simplify&ref=Simplify,2026-07-21,2026-07-27,tiktokmachinelearningengineertiktokrecommendationsanjose
,🔥 TikTok,Machine Learning Engineer Intern - Trust and Safety - CV/NLP/Multimodal LLM 🎓,AI / ML,,,unknown,unknown,US,unspecified,"San Jose, CA",Summer 2026,,Advanced/unknown,intern,unknown,unknown,review required,,posting,open,0,,,,ADV-DEGREE,Simplify2026,https://lifeattiktok.com/search/7527589557336869138?utm_source=Simplify&ref=Simplify,2026-07-21,2026-07-27,tiktokmachinelearningengineertrustandsafetycvnlpmultimodalllmsan
,🔥 TikTok,Research Scientist Intern - Trust and Safety - CV/NLP/Multimodal LLM 🎓,AI / ML,research,,unknown,unknown,US,unspecified,"Seattle, WA",Summer 2026,,Advanced/unknown,intern,unknown,unknown,review required,,posting,open,0,,,,ADV-DEGREE,Simplify2026,https://lifeattiktok.com/search/7527585101065652498?utm_source=Simplify&ref=Simplify,2026-07-21,2026-07-27,tiktokresearchscientisttrustandsafetycvnlpmultimodalllmseattle
,🔥 TikTok,Research Scientist Intern - Trust and Safety 🎓,AI / ML,research,,unknown,unknown,US,unspecified,"San Jose, CA",Summer 2026,,Advanced/unknown,intern,unknown,unknown,review required,,posting,open,0,,,,ADV-DEGREE,Simplify2026,https://lifeattiktok.com/search/7527582397938223367?utm_source=Simplify&ref=Simplify,2026-07-21,2026-07-27,tiktokresearchscientisttrustandsafetysanjose
,🔥 TikTok,Software Engineer Intern - Capital Platform,Software Engineering,,,unknown,unknown,US,unspecified,"San Jose, CA",Summer 2026,,Unknown,intern,unknown,unknown,review required,,posting,open,0,,,,,Simplify2026,https://lifeattiktok.com/search/7534536157456058632?utm_source=Simplify&ref=Simplify,2026-07-21,2026-07-27,tiktoksoftwareengineercapitalplatformsanjose
,🔥 TikTok,Software Engineer Intern - Monetization Technology,Software Engineering,,,unknown,unknown,US,unspecified,"San Jose, CA",Summer 2026,,Unknown,intern,unknown,unknown,review required,,posting,open,0,,,,,Simplify2026,https://lifeattiktok.com/search/7561941583777941813?utm_source=Simplify&ref=Simplify,2026-07-21,2026-07-27,tiktoksoftwareengineermonetizationtechnologysanjose
,🔥 TikTok,Software Engineer/Mobile Engineer Intern - Monetization Technology - Ads Core Demonstration,Software Engineering,,,unknown,unknown,US,unspecified,"San Jose, CA",Summer 2026,,Unknown,intern,unknown,unknown,review required,,posting,open,0,,,,,Simplify2026,https://lifeattiktok.com/search/7532444719809628424?utm_source=Simplify&ref=Simplify,2026-07-21,2026-07-27,tiktoksoftwareengineermobileengineermonetizationtechnologyadscor
,Amazon,→ Student Programs (SDE / Applied),Software Engineering,,,unknown,unknown,Global,unspecified,Global (incl London),Watchlist,,Unknown,watchlist,unknown,unknown,review required,elite,watchlist,watchlist,0,,,,,career_page,https://www.amazon.jobs/content/en/career-programs/student-programs,2026-07-21,2026-07-24,amazonstudentprogramsglobalincllondon
,Apple,→ Internships,Software Engineering,,,unknown,unknown,Unknown,unspecified,Cupertino / Cambridge,Watchlist,,Unknown,watchlist,unknown,unknown,review required,elite,watchlist,watchlist,0,,,,,career_page,https://jobs.apple.com/en-us/search?team=internships-STDNT-INTRN,2026-07-21,2026-07-24,applescupertino
,Citadel,→ Students & Graduates,Software Engineering,,,unknown,unknown,US / UK,unspecified,Chicago / London / NY,Watchlist,,Unknown,watchlist,unknown,unknown,review required,elite,watchlist,watchlist,0,,,,,career_page,https://www.citadel.com/careers/students-and-graduates/,2026-07-21,2026-07-24,citadelstudentsgraduateschicago
,Citadel Securities,→ Students & Graduates,Software Engineering,,,unknown,unknown,US / UK,unspecified,Chicago / London / NY,Watchlist,,Unknown,watchlist,unknown,unknown,review required,elite,watchlist,watchlist,0,,,,,career_page,https://www.citadelsecurities.com/careers/students-and-graduates/,2026-07-21,2026-07-24,citadelsecuritiesstudentsgraduateschicago
,DE Shaw,→ Internships (SWE / Quant),Quant,,,unknown,unknown,US / UK,unspecified,New York / London,Watchlist,,Unknown,watchlist,unknown,unknown,review required,elite,watchlist,watchlist,0,,,,,career_page,https://www.deshaw.com/careers/internships,2026-07-21,2026-07-24,deshawsnewyork
,DRW,→ Campus (SWE / Quant),Quant,,,unknown,unknown,US / UK,unspecified,Chicago / London,Watchlist,,Unknown,watchlist,unknown,unknown,review required,elite,watchlist,watchlist,0,,,,,career_page,https://drw.com/work-at-drw/campus/,2026-07-21,2026-07-24,drwchicago
,Five Rings,→ Campus (SWE / Quant),Quant,,,unknown,unknown,US,unspecified,New York,Watchlist,,Unknown,watchlist,unknown,unknown,review required,elite,watchlist,watchlist,0,,,,,career_page,https://fiverings.com/campus/,2026-07-21,2026-07-24,fiveringsnewyork
,G-Research,→ Students & Graduates,Software Engineering,research,,unknown,unknown,UK,unspecified,London,Watchlist,,Unknown,watchlist,unknown,unknown,review required,elite,watchlist,watchlist,0,,,,,career_page,https://www.gresearch.com/careers/?filter_category=students-graduates,2026-07-21,2026-07-24,gresearchstudentsgraduateslondon
,Google,→ Internships (filter: intern),Software Engineering,,,unknown,unknown,Global,unspecified,Global (incl London),Watchlist,,Unknown,watchlist,unknown,unknown,review required,elite,watchlist,watchlist,0,,,,,career_page,https://www.google.com/about/careers/applications/jobs/results/?target_level=INTERN_AND_APPRENTICESHIP&employment_type=INTERN,2026-07-21,2026-07-24,googlesglobalincllondon
,Google DeepMind,→ Careers (Student / Research),Software Engineering,research,,unknown,unknown,US / UK,unspecified,London / Mountain View,Watchlist,,Unknown,watchlist,unknown,unknown,review required,elite,watchlist,watchlist,0,,,,,career_page,https://deepmind.google/about/careers/,2026-07-21,2026-07-24,googledeepmindcareerslondon
,Hudson River Trading,→ Campus (SWE / Algo),Quant,,,unknown,unknown,US / UK,unspecified,New York / London,Watchlist,,Unknown,watchlist,unknown,unknown,review required,elite,watchlist,watchlist,0,,,,,career_page,https://www.hudsonrivertrading.com/campus/,2026-07-21,2026-07-24,hudsonrivertradingnewyork
,Jane Street,→ Internships (SWE / Quant / ML),Quant,,,unknown,unknown,US / UK,unspecified,New York / London,Watchlist,,Unknown,watchlist,unknown,unknown,review required,elite,watchlist,watchlist,0,,,,,career_page,https://www.janestreet.com/join-jane-street/internships/,2026-07-21,2026-07-24,janestreetsnewyork
,Meta,→ Internships,Software Engineering,,,unknown,unknown,Global,unspecified,Global (incl London),Watchlist,,Unknown,watchlist,unknown,unknown,review required,elite,watchlist,watchlist,0,,,,,career_page,https://www.metacareers.com/jobs/?roles[0]=Internships,2026-07-21,2026-07-24,metasglobalincllondon
,Meta (FAIR / AI),→ AI Research careers,Software Engineering,research,,unknown,unknown,US / UK,unspecified,London / Menlo Park,Watchlist,,Unknown,watchlist,unknown,unknown,review required,elite,watchlist,watchlist,0,,,,,career_page,https://ai.meta.com/careers/,2026-07-21,2026-07-24,metafairaiairesearchcareerslondon
,Microsoft Research,→ Internships,Software Engineering,research,,unknown,unknown,US / UK,unspecified,Cambridge UK / Redmond,Watchlist,,Unknown,watchlist,unknown,unknown,review required,elite,watchlist,watchlist,0,,,,,career_page,https://jobs.careers.microsoft.com/global/en/search?lc=United%20Kingdom&exp=Students%20and%20graduates,2026-07-21,2026-07-24,microsoftresearchscambridgeuk
,Optiver,→ Early Careers (SWE / Trader),Quant,,,unknown,unknown,US / Netherlands,unspecified,Amsterdam / Chicago,Watchlist,,Unknown,watchlist,unknown,unknown,review required,elite,watchlist,watchlist,0,,,,,career_page,https://optiver.com/working-at-optiver/early-careers/,2026-07-21,2026-07-24,optiverearlycareersamsterdam
,Point72 / Cubist,→ Academy & Internships,Software Engineering,,,unknown,unknown,US / UK,unspecified,New York / London,Watchlist,,Unknown,watchlist,unknown,unknown,review required,elite,watchlist,watchlist,0,,,,,career_page,https://careers.point72.com/CSJoinTypesInternships,2026-07-21,2026-07-24,point72cubistacademysnewyork
,Susquehanna (SIG),→ Students (Tech / Quant),Quant,,,unknown,unknown,Unknown,unspecified,Philadelphia / Dublin,Watchlist,,Unknown,watchlist,unknown,unknown,review required,elite,watchlist,watchlist,0,,,,,career_page,https://careers.sig.com/students-graduates,2026-07-21,2026-07-24,susquehannasigstudentsphiladelphia
,Two Sigma,→ Students & Grads,Software Engineering,,,unknown,unknown,US / UK,unspecified,New York / London,Watchlist,,Unknown,watchlist,unknown,unknown,review required,elite,watchlist,watchlist,0,,,,,career_page,https://careers.twosigma.com/careers/students,2026-07-21,2026-07-24,twosigmastudentsgradsnewyork
,XTX Markets,→ Early Careers,Software Engineering,,,unknown,unknown,UK,unspecified,London,Watchlist,,Unknown,watchlist,unknown,unknown,review required,elite,watchlist,watchlist,0,,,,,career_page,https://www.xtxmarkets.com/careers/,2026-07-21,2026-07-24,xtxmarketsearlycareerslondon
,ARM,→ Early Careers,Software Engineering,,,unknown,unknown,UK,unspecified,"Cambridge, UK",Watchlist,,Unknown,watchlist,unknown,unknown,review required,high,watchlist,watchlist,0,,,,,career_page,https://careers.arm.com/early-careers,2026-07-21,2026-07-24,armearlycareerscambridge
,Man Group,→ Early Careers,Software Engineering,,,unknown,unknown,UK,unspecified,London / Oxford,Watchlist,,Unknown,watchlist,unknown,unknown,review required,high,watchlist,watchlist,0,,,,,career_page,https://www.man.com/early-careers,2026-07-21,2026-07-24,mangroupearlycareerslondon
,Marshall Wace,→ Graduates & Interns,Software Engineering,,,unknown,unknown,UK,unspecified,London,Watchlist,,Unknown,watchlist,unknown,unknown,review required,high,watchlist,watchlist,0,,,,,career_page,https://www.mwam.com/graduates-interns/,2026-07-21,2026-07-24,marshallwacegraduatesslondon
,NVIDIA,→ University Recruiting,Software Engineering,,,unknown,unknown,UK / Global,unspecified,Global (incl UK),Watchlist,,Unknown,watchlist,unknown,unknown,review required,high,watchlist,watchlist,0,,,,,career_page,https://www.nvidia.com/en-us/about-nvidia/careers/university-recruiting/,2026-07-21,2026-07-24,nvidiauniversityrecruitingglobalincluk
,NVIDIA Robotics,Robotics / embodied AI roles,Robotics & Embodied AI,embodied-ai,,unknown,unknown,Global,unspecified,Global,Watchlist,,Unknown,watchlist,unknown,unknown,review required,high,watchlist,watchlist,0,,,,,robotics_watchlist,https://www.nvidia.com/en-us/about-nvidia/careers/,2026-07-24,,nvidiaroboticsroboticsembodiedairolesglobal
,Netflix,→ Students,Software Engineering,,,unknown,unknown,Remote,remote,Los Gatos / Remote,Watchlist,,Unknown,watchlist,unknown,unknown,review required,high,watchlist,watchlist,0,,,,,career_page,https://explore.jobs.netflix.net/careers?query=intern,2026-07-21,2026-07-24,netflixstudentslosgatos
,AgiBot,Humanoid robotics roles,Robotics & Embodied AI,humanoid,,unknown,unknown,China,unspecified,China,Watchlist,,Unknown,watchlist,unknown,unknown,review required,,watchlist,watchlist,0,,,,,robotics_watchlist,https://finch.agibot.com/join-us,2026-07-24,,agibothumanoidroboticsroleschina
,Agile Robots,Industrial robotics roles,Robotics & Embodied AI,,,unknown,unknown,Germany / Global,unspecified,Germany / Global,Watchlist,,Unknown,watchlist,unknown,unknown,review required,,watchlist,watchlist,0,,,,,robotics_watchlist,https://www.agile-robots.com/en/career/,2026-07-24,,agilerobotsindustrialroboticsrolesgermany
,Boston Dynamics,Robotics careers,Robotics & Embodied AI,,mobile robotics,established,company-dependent,US,unspecified,US,Watchlist,,Unknown,watchlist,unknown,unknown,review required,,watchlist,watchlist,0,,,,,robotics_watchlist,https://bostondynamics.com/careers/,2026-07-24,,bostondynamicsroboticscareersus
,Cartken,Delivery robotics roles,Robotics & Embodied AI,,,unknown,unknown,US / Germany,unspecified,US / Germany,Watchlist,,Unknown,watchlist,unknown,unknown,review required,,watchlist,watchlist,0,,,,,robotics_watchlist,https://www.cartken.com/careers/careers,2026-07-24,,cartkendeliveryroboticsrolesus
,Crest Robotics,Field robotics roles,Robotics & Embodied AI,,,unknown,unknown,Australia,unspecified,Australia,Watchlist,,Unknown,watchlist,unknown,unknown,review required,,watchlist,watchlist,0,,,,,robotics_watchlist,https://crestrobotics.com.au/jobs.html,2026-07-24,,crestroboticsfieldroboticsrolesaustralia
,DJI,Drones / autonomy roles,Robotics & Embodied AI,autonomy,drones / autonomy,established,company-dependent,China / Global,unspecified,China / Global,Watchlist,,Unknown,watchlist,unknown,unknown,review required,,watchlist,watchlist,0,,,,,robotics_watchlist,https://we.dji.com/jobs,2026-07-24,,djidronesautonomyroleschina
,Enchanted Tools,Humanoid robotics roles,Robotics & Embodied AI,humanoid,,unknown,unknown,France,unspecified,France,Watchlist,,Unknown,watchlist,unknown,unknown,review required,,watchlist,watchlist,0,,,,,robotics_watchlist,https://enchanted.tools/jobs/,2026-07-24,,enchantedtoolshumanoidroboticsrolesfrance
,Exotec,Warehouse robotics roles,Robotics & Embodied AI,,warehouse robotics,private-scaleup,private company; verify offer,Europe / Global,unspecified,Europe / Global,Watchlist,,Unknown,watchlist,unknown,unknown,review required,,watchlist,watchlist,0,,,,,robotics_watchlist,https://www.exotec.com/careers/,2026-07-24,,exotecwarehouseroboticsroleseurope
,Field AI,Field robotics roles,Robotics & Embodied AI,,field robotics,private-scaleup,private company; verify offer,US,unspecified,US,Watchlist,,Unknown,watchlist,unknown,unknown,review required,,watchlist,watchlist,0,,,,,robotics_watchlist,https://www.fieldai.com/careers,2026-07-24,,fieldaifieldroboticsrolesus
,Fourier,Humanoid robotics roles,Robotics & Embodied AI,humanoid,,unknown,unknown,Singapore / China,unspecified,Singapore / China,Watchlist,,Unknown,watchlist,unknown,unknown,review required,,watchlist,watchlist,0,,,,,robotics_watchlist,https://www.fftai.com/career,2026-07-24,,fourierhumanoidroboticsrolessingapore
,Intrinsic,Industrial robotics roles,Robotics & Embodied AI,,industrial robotics,established,company-dependent,US / Germany,unspecified,US / Germany,Watchlist,,Unknown,watchlist,unknown,unknown,review required,,watchlist,watchlist,0,,,,,robotics_watchlist,https://www.intrinsic.ai/careers,2026-07-24,,intrinsicindustrialroboticsrolesus
,LimX Dynamics,Humanoid robotics roles,Robotics & Embodied AI,humanoid,,unknown,unknown,China,unspecified,China,Watchlist,,Unknown,watchlist,unknown,unknown,review required,,watchlist,watchlist,0,,,,,robotics_watchlist,https://ai.limxdynamics.com/en/join-us/,2026-07-24,,limxdynamicshumanoidroboticsroleschina
,Mentee Robotics,Humanoid robotics roles,Robotics & Embodied AI,humanoid,,unknown,unknown,Israel,unspecified,Israel,Watchlist,,Unknown,watchlist,unknown,unknown,review required,,watchlist,watchlist,0,,,,,robotics_watchlist,https://www.comeet.com/jobs/mentee_robotics/6A.002,2026-07-24,,menteeroboticshumanoidroboticsrolesisrael
,NEURA Robotics,Cognitive robotics roles,Robotics & Embodied AI,,cognitive robotics,private-scaleup,private company; verify offer,Germany,unspecified,Germany,Watchlist,,Unknown,watchlist,unknown,unknown,review required,,watchlist,watchlist,0,,,,,robotics_watchlist,https://neura-robotics.com/career,2026-07-24,,neuraroboticscognitiveroboticsrolesgermany
,Opteran,Nature-inspired autonomy,Robotics & Embodied AI,autonomy,,unknown,unknown,US / UK,unspecified,UK / US,Watchlist,,Unknown,watchlist,unknown,unknown,review required,,watchlist,watchlist,0,,,,,robotics_watchlist,https://opteran.com/careers,2026-07-24,,opterannatureinspiredautonomyuk
,Oxa,Autonomous vehicle roles,Robotics & Embodied AI,autonomy,,unknown,unknown,US / UK,unspecified,UK / US,Watchlist,,Unknown,watchlist,unknown,unknown,review required,,watchlist,watchlist,0,,,,,robotics_watchlist,https://oxa.tech/careers/,2026-07-24,,oxaautonomousvehiclerolesuk
,RIVR,Last-mile robotics roles,Robotics & Embodied AI,,last-mile robotics,emerging-startup,private company; verify offer,UK / Switzerland,unspecified,Switzerland / UK,Watchlist,,Unknown,watchlist,unknown,unknown,review required,,watchlist,watchlist,0,,,,,robotics_watchlist,https://rivr.ai/careers,2026-07-24,,rivrlastmileroboticsrolesswitzerland
,RLWRLD,Robot foundation-model roles,Robotics & Embodied AI,,,unknown,unknown,US / Japan,unspecified,Korea / US / Japan,Watchlist,,Unknown,watchlist,unknown,unknown,review required,,watchlist,watchlist,0,,,,,robotics_watchlist,https://www.rlwrld.ai/en/careers,2026-07-24,,rlwrldrobotfoundationmodelroleskorea
,Rapyuta Robotics,Warehouse robotics roles,Robotics & Embodied AI,,,unknown,unknown,Japan / India,unspecified,Japan / India,Watchlist,,Unknown,watchlist,unknown,unknown,review required,,watchlist,watchlist,0,,,,,robotics_watchlist,https://www.rapyuta-robotics.com/careers/,2026-07-24,,rapyutaroboticswarehouseroboticsrolesjapan
,Reach Robotics,Underwater robotics roles,Robotics & Embodied AI,,,unknown,unknown,Australia,unspecified,Australia,Watchlist,,Unknown,watchlist,unknown,unknown,review required,,watchlist,watchlist,0,,,,,robotics_watchlist,https://reachrobotics.com/careers/,2026-07-24,,reachroboticsunderwaterroboticsrolesaustralia
,Sanctuary AI,Humanoid robotics roles,Robotics & Embodied AI,humanoid,humanoid robotics,private-scaleup,private company; verify offer,Canada,unspecified,Canada,Watchlist,,Unknown,watchlist,unknown,unknown,review required,,watchlist,watchlist,0,,,,,robotics_watchlist,https://careers.kula.ai/sanctuary-ai,2026-07-24,,sanctuaryaihumanoidroboticsrolescanada
,Skild AI,Robot foundation-model roles,Robotics & Embodied AI,,robot foundation models,emerging-startup,private company; verify offer,US,unspecified,US,Watchlist,,Unknown,watchlist,unknown,unknown,review required,,watchlist,watchlist,0,,,,,robotics_watchlist,https://www.skild.ai/careers,2026-07-24,,skildairobotfoundationmodelrolesus
,Skydio,Autonomous drone roles,Robotics & Embodied AI,autonomy,,unknown,unknown,US,unspecified,US,Watchlist,,Unknown,watchlist,unknown,unknown,review required,,watchlist,watchlist,0,,,,,robotics_watchlist,https://www.skydio.com/careers,2026-07-24,,skydioautonomousdronerolesus
,Starship,Delivery robotics roles,Robotics & Embodied AI,,,unknown,unknown,US / Europe,unspecified,Europe / US,Watchlist,,Unknown,watchlist,unknown,unknown,review required,,watchlist,watchlist,0,,,,,robotics_watchlist,https://starship.teamtailor.com/jobs,2026-07-24,,starshipdeliveryroboticsroleseurope
,Tesla Optimus,AI & Robotics careers,Robotics & Embodied AI,,,unknown,unknown,Global,unspecified,Global,Watchlist,,Unknown,watchlist,unknown,unknown,review required,,watchlist,watchlist,0,,,,,robotics_watchlist,https://www.tesla.com/careers/search/?query=robotics,2026-07-24,,teslaoptimusairoboticscareersglobal
,Turing,Autonomous vehicle roles,Robotics & Embodied AI,autonomy,,unknown,unknown,Japan,unspecified,Japan,Watchlist,,Unknown,watchlist,unknown,unknown,review required,,watchlist,watchlist,0,,,,,robotics_watchlist,https://jobs.tur.ing/en/,2026-07-24,,turingautonomousvehiclerolesjapan
,Unitree,Humanoid / quadruped roles,Robotics & Embodied AI,humanoid,humanoid / quadruped robots,private-scaleup,private company; verify offer,China,unspecified,China,Watchlist,,Unknown,watchlist,unknown,unknown,review required,,watchlist,watchlist,0,,,,,robotics_watchlist,https://www.unitree.com/career,2026-07-24,,unitreehumanoidquadrupedroleschina
,Wandercraft,Mobility robotics roles,Robotics & Embodied AI,,mobility robotics,private-scaleup,private company; verify offer,US / France,unspecified,France / US,Watchlist,,Unknown,watchlist,unknown,unknown,review required,,watchlist,watchlist,0,,,,,robotics_watchlist,https://www.wandercraft.eu/careers,2026-07-24,,wandercraftmobilityroboticsrolesfrance
,Zipline,Autonomous delivery roles,Robotics & Embodied AI,autonomy,autonomous delivery,private-scaleup,private company; verify offer,US / Global,unspecified,US / Africa / Global,Watchlist,,Unknown,watchlist,unknown,unknown,review required,,watchlist,watchlist,0,,,,,robotics_watchlist,https://www.flyzipline.com/careers,2026-07-24,,ziplineautonomousdeliveryrolesus
,Citadel,Discover Citadel (Spring Week),Software Engineering,,,unknown,unknown,UK,unspecified,London,Spring Week 2027,Oct–Nov 2026,Unknown,watchlist,unknown,unknown,review required,elite,watchlist,planned,0,,,,,spring_weeks,https://www.citadel.com/careers/,2026-07-21,2026-07-24,citadeldiscovercitadellondon
,Five Rings,Summer Smash / Insight Event,Software Engineering,,,unknown,unknown,US,unspecified,New York,Spring Week 2027,Rolling,Unknown,watchlist,unknown,unknown,review required,elite,watchlist,planned,0,,,,,spring_weeks,https://fiverings.com/careers/,2026-07-21,2026-07-24,fiveringssummersmashinsighteventnewyork
,Hudson River Trading,Insight Day / Campus Event,Quant,,,unknown,unknown,UK,unspecified,London/NY,Spring Week 2027,Rolling,Unknown,watchlist,unknown,unknown,review required,elite,watchlist,planned,0,,,,,spring_weeks,https://www.hudsonrivertrading.com/careers/,2026-07-21,2026-07-24,hudsonrivertradinginsightdayeventlondon
,IMC Trading,Insight Day,Quant,,,unknown,unknown,Netherlands,unspecified,Amsterdam,Spring Week 2027,Rolling Oct–Feb,Unknown,watchlist,unknown,unknown,review required,elite,watchlist,planned,0,,,,,spring_weeks,https://www.imc.com/eu/careers/,2026-07-21,2026-07-24,imctradinginsightdayamsterdam
,Jane Street,FOCUS (First-Year Insight),Software Engineering,,,unknown,unknown,UK,unspecified,London/NY,Spring Week 2027,Oct–Nov 2026,Unknown,watchlist,unknown,unknown,review required,elite,watchlist,planned,0,,,,,spring_weeks,https://www.janestreet.com/join-jane-street/open-roles/,2026-07-21,2026-07-24,janestreetfocuslondon
,Optiver,Insight Day / Spring Program,Software Engineering,,,unknown,unknown,Netherlands,unspecified,Amsterdam,Spring Week 2027,Rolling Oct–Feb,Unknown,watchlist,unknown,unknown,review required,elite,watchlist,planned,0,,,,,spring_weeks,https://optiver.com/working-at-optiver/career-opportunities/,2026-07-21,2026-07-24,optiverinsightdayspringprogramamsterdam
,Susquehanna (SIG),Quant Finance Insight Days,Quant,,,unknown,unknown,Unknown,unspecified,Dublin,Spring Week 2027,Rolling,Unknown,watchlist,unknown,unknown,review required,elite,watchlist,planned,0,,,,,spring_weeks,https://careers.sig.com/,2026-07-21,2026-07-24,susquehannasigquantfinanceinsightdaysdublin
,Two Sigma,Discovery Program,Software Engineering,,,unknown,unknown,UK,unspecified,London/NY,Spring Week 2027,Oct–Jan 2027,Unknown,watchlist,unknown,unknown,review required,elite,watchlist,planned,0,,,,,spring_weeks,https://careers.twosigma.com/careers/jobListings,2026-07-21,2026-07-24,twosigmadiscoveryprogramlondon
,Goldman Sachs,Engineering Spring Insight (UK),Software Engineering,,,unknown,unknown,UK,unspecified,London,Spring Week 2027,Oct–Dec 2026,Unknown,watchlist,unknown,unknown,review required,high,watchlist,planned,0,,,,,spring_weeks,https://www.goldmansachs.com/careers/,2026-07-21,2026-07-24,goldmansachsengineerspringinsightlondon
,JP Morgan,Technology Spring Week (UK),Software Engineering,,,unknown,unknown,UK,unspecified,London,Spring Week 2027,Oct–Nov 2026,Unknown,watchlist,unknown,unknown,review required,high,watchlist,planned,0,,,,,spring_weeks,https://careers.jpmorgan.com/,2026-07-21,2026-07-24,jpmorgantechnologyspringweeklondon
,Morgan Stanley,Technology Spring Insight (UK),Software Engineering,,,unknown,unknown,UK,unspecified,London,Spring Week 2027,Oct–Dec 2026,Unknown,watchlist,unknown,unknown,review required,high,watchlist,planned,0,,,,,spring_weeks,https://www.morganstanley.com/people-opportunities/,2026-07-21,2026-07-24,morganstanleytechnologyspringinsightlondon
,Barclays,Technology Spring Intern (UK),Software Engineering,,,unknown,unknown,UK,unspecified,London,Spring Week 2027,Nov–Jan 2027,Unknown,watchlist,unknown,unknown,review required,medium,watchlist,planned,0,,,,,spring_weeks,https://home.barclays/careers/,2026-07-21,2026-07-24,barclaystechnologyspringlondon
,City of Charlotte,Management Analyst Intern - Research and Planning Division,Software Engineering,research,,unknown,unknown,US,unspecified,"Charlotte, NC",Summer 2026,,Unknown,intern,unknown,unknown,review required,,posting,stale/not-seen,1,2026-07-27,,,,Simplify2026,https://charlottenc.wd12.myworkdayjobs.com/citgov/job/CMPD-HQ/Management-Analyst-Intern--Research-and-Planning-Division_JR104084-1?utm_source=Simplify&ref=Simplify,2026-07-24,2026-07-26,cityofcharlottemanagementanalystresearchandplanningdivisioncharl
,JP Morgan Chase,Machine Learning Center of Excellence Summer Associate Time Series & Reinforcement Learning Interns… 🎓,AI / ML,,,unknown,unknown,UK,unspecified,"London, UK",Summer,,Advanced/unknown,other,unknown,unknown,review required,,posting,stale/not-seen,1,2026-07-27,,,ADV-DEGREE,Simplify2026,https://jpmc.fa.oraclecloud.com/hcmUI/CandidateExperience/en/sites/CX_1001/job/210770593?utm_source=Simplify&ref=Simplify,2026-07-21,2026-07-26,jpmorganchasemachinelearningcenterofexcellencesummerassociatetim
,Magna,Engineering ADAS Perception Features Intern,Robotics & Embodied AI,perception,,unknown,unknown,US,unspecified,"Auburn Hills, MI",Summer 2026,,Unknown,intern,unknown,unknown,review required,,posting,stale/not-seen,1,2026-07-27,,,,Simplify2026,https://wd3.myworkdaysite.com/recruiting/magna/Magna/job/Auburn-Hills-Michigan-US/Intern---Engineering_R00235438?utm_source=Simplify&ref=Simplify,2026-07-24,2026-07-26,magnaengineeradasperceptionfeaturesauburnhills
,Northwell Health,Data Analytics / Data Science Intern,Data,,,unknown,unknown,US,unspecified,"Manhasset, NY",Summer 2026,,Unknown,intern,unknown,unknown,review required,,posting,stale/not-seen,1,2026-07-27,2026-07-25,,,Simplify2026,https://eppr.fa.us2.oraclecloud.com/hcmUI/CandidateExperience/en/sites/CX_2/job/192734?utm_source=Simplify&ref=Simplify,2026-07-25,2026-07-26,northwellhealthdataanalyticsdatasciencemanhasset
,Sony,Software Engineer Intern,Software Engineering,,,unknown,unknown,US,unspecified,"San Diego, CA",Summer 2026,,Unknown,intern,unknown,unknown,review required,,posting,stale/not-seen,1,2026-07-27,,,,Simplify2026,https://sonyglobal.wd1.myworkdayjobs.com/SonyGlobalCareers/job/San-Diego/Software-Engineer-Intern_JR-119282?utm_source=Simplify&ref=Simplify,2026-07-24,2026-07-26,sonysoftwareengineersandiego
,University of Maryland - College Park,Office of Career Services Intern - Technology Team,Software Engineering,,,unknown,unknown,US,unspecified,"Hyattsville, MD",Summer 2026,,Unknown,intern,unknown,unknown,review required,,posting,stale/not-seen,1,2026-07-27,2026-07-26,,,Simplify2026,https://umd.wd1.myworkdayjobs.com/UMCP/job/University-of-Maryland-College-Park/Intern--Office-of-Career-Services---Technology-Team_JR104246-1?utm_source=Simplify&ref=Simplify,2026-07-26,2026-07-26,universityofmarylandcollegeparkofficeofcareerservicestechnologyt
,🔥 TikTok,Data Science Intern - Tiktok Shop-Supply Chain & Logistics,Software Engineering,,,unknown,unknown,US,unspecified,"Seattle, WA",Summer 2026,,Unknown,intern,unknown,unknown,review required,,posting,stale/not-seen,1,2026-07-27,,,HOT,Simplify2026,https://lifeattiktok.com/search/7644719084681234741?utm_source=Simplify&ref=Simplify,2026-07-21,2026-07-26,tiktokdatasciencetiktokshopsupplychainlogisticsseattle
,🔥 TikTok,Software Engineer Intern - Recommendation Infrastructure,Software Engineering,,,unknown,unknown,US,unspecified,"San Jose, CA",Summer 2026,,Unknown,intern,unknown,unknown,review required,,posting,stale/not-seen,1,2026-07-27,,,HOT,Simplify2026,https://lifeattiktok.com/search/7534878965941766408?utm_source=Simplify&ref=Simplify,2026-07-21,2026-07-26,tiktoksoftwareengineerrecommendationinfrastructuresanjose
,IMC Trading, Graduate Machine Learning Researcher - London,Quant,,,unknown,unknown,UK,unspecified,"London, United Kingdom",Summer 2027,,Unknown,graduate,unknown,unknown,review required,elite,posting,gone/closed?,4,2026-07-27,,,,Greenhouse/imc,https://job-boards.eu.greenhouse.io/imc/jobs/4914883101,2026-07-21,2026-07-24,imctradinggraduatemachinelearningresearcherlondonlondon
,IMC Trading,2027 - FPGA Intern - IIT Bombay,Quant,,,unknown,unknown,Netherlands / India,unspecified,"Amsterdam, Netherlands; Mumbai, India",2027,,Unknown,intern,unknown,unknown,review required,elite,posting,gone/closed?,2,2026-07-27,,,,Greenhouse/imc,https://job-boards.eu.greenhouse.io/imc/jobs/4860306101,2026-07-21,2026-07-25,imctradingfpgaiitbombayamsterdam
,IMC Trading,2027 - Quant Research Intern - IIT Bombay ,Quant,research,,unknown,unknown,Netherlands / India,unspecified,"Amsterdam, Netherlands; Mumbai, India",2027,,Unknown,intern,unknown,unknown,review required,elite,posting,gone/closed?,2,2026-07-27,,,,Greenhouse/imc,https://job-boards.eu.greenhouse.io/imc/jobs/4860277101,2026-07-21,2026-07-25,imctradingquantresearchiitbombayamsterdam
,IMC Trading,2027 - Quant Research Intern - IIT Delhi,Quant,research,,unknown,unknown,Netherlands / India,unspecified,"Amsterdam, Netherlands; Mumbai, India",Summer 2027,,Unknown,intern,unknown,unknown,review required,elite,posting,gone/closed?,4,2026-07-27,,,,Greenhouse/imc,https://job-boards.eu.greenhouse.io/imc/jobs/4917441101,2026-07-21,2026-07-21,imctradingquantresearchiitdelhiamsterdam
,IMC Trading,2027 - Software Engineering Intern - IIT Bombay,Quant,,,unknown,unknown,India,unspecified,"Mumbai, India",2027,,Unknown,intern,unknown,unknown,review required,elite,posting,gone/closed?,2,2026-07-27,,,,Greenhouse/imc,https://job-boards.eu.greenhouse.io/imc/jobs/4860319101,2026-07-21,2026-07-25,imctradingsoftwareengineeriitbombaymumbai
,IMC Trading,2027 - Software Engineering Intern - IIT Delhi,Quant,,,unknown,unknown,India,unspecified,"Mumbai, India",Summer 2027,,Unknown,intern,unknown,unknown,review required,elite,posting,gone/closed?,4,2026-07-27,,,,Greenhouse/imc,https://job-boards.eu.greenhouse.io/imc/jobs/4917535101,2026-07-21,2026-07-21,imctradingsoftwareengineeriitdelhimumbai
,IMC Trading,Graduate Hardware Engineer,Quant,,,unknown,unknown,US,unspecified,"Chicago, United States",Summer 2027,,Unknown,graduate,unknown,unknown,review required,elite,posting,gone/closed?,4,2026-07-27,,,,Greenhouse/imc,https://job-boards.eu.greenhouse.io/imc/jobs/4823805101,2026-07-21,2026-07-24,imctradinggraduatehardwareengineerchicago
,IMC Trading,Graduate Machine Learning Researcher - Chicago,Quant,,,unknown,unknown,US,unspecified,"Chicago, United States",Summer 2027,,Unknown,graduate,unknown,unknown,review required,elite,posting,gone/closed?,4,2026-07-27,,,,Greenhouse/imc,https://job-boards.eu.greenhouse.io/imc/jobs/4907416101,2026-07-21,2026-07-24,imctradinggraduatemachinelearningresearcherchicagochicago
,IMC Trading,Graduate Quant Researcher - Digital Assets ,Quant,,,unknown,unknown,Switzerland,unspecified,"Zug, Switzerland",Summer 2027,,Unknown,graduate,unknown,unknown,review required,elite,posting,gone/closed?,4,2026-07-27,,,,Greenhouse/imc,https://job-boards.eu.greenhouse.io/imc/jobs/4892687101,2026-07-21,2026-07-24,imctradinggraduatequantresearcherdigitalassetszug
,IMC Trading,Graduate Quantitative Researcher (BS/MS),Quant,,,unknown,unknown,US,unspecified,"Chicago, United States",Summer 2027,,Undergraduate eligible,graduate,unknown,unknown,review required,elite,posting,gone/closed?,4,2026-07-27,,,,Greenhouse/imc,https://job-boards.eu.greenhouse.io/imc/jobs/4907368101,2026-07-21,2026-07-24,imctradinggraduatequantitativeresearcherchicago
,IMC Trading,Graduate Quantitative Trader,Quant,,,unknown,unknown,US,unspecified,"Chicago, United States",Summer 2027,,Unknown,graduate,unknown,unknown,review required,elite,posting,gone/closed?,4,2026-07-27,,,,Greenhouse/imc,https://job-boards.eu.greenhouse.io/imc/jobs/4751729101,2026-07-21,2026-07-24,imctradinggraduatequantitativetraderchicago
,IMC Trading,Graduate Software Engineer,Quant,,,unknown,unknown,US,unspecified,"Chicago, United States",Summer 2027,,Unknown,graduate,unknown,unknown,review required,elite,posting,gone/closed?,4,2026-07-27,,,,Greenhouse/imc,https://job-boards.eu.greenhouse.io/imc/jobs/4818790101,2026-07-21,2026-07-24,imctradinggraduatesoftwareengineerchicago
,IMC Trading,Graduate Software Engineer (2026),Quant,,,unknown,unknown,Netherlands,unspecified,"Amsterdam, Netherlands",Summer 2027,,Unknown,graduate,unknown,unknown,review required,elite,posting,gone/closed?,4,2026-07-27,,,,Greenhouse/imc,https://job-boards.eu.greenhouse.io/imc/jobs/4564480101,2026-07-21,2026-07-24,imctradinggraduatesoftwareengineeramsterdam
,IMC Trading,Graduate Software Engineer (2026),Quant,,,unknown,unknown,Denmark,unspecified,"Aarhus, Central Denmark Region, Denmark",Summer 2027,,Unknown,graduate,unknown,unknown,review required,elite,posting,gone/closed?,4,2026-07-27,,,,Greenhouse/imc,https://job-boards.eu.greenhouse.io/imc/jobs/4635938101,2026-07-21,2026-07-24,imctradinggraduatesoftwareengineeraarhus
,IMC Trading,Graduate Software Engineer - Digital Assets,Quant,,,unknown,unknown,Switzerland,unspecified,"Zug, Switzerland",Summer 2027,,Unknown,graduate,unknown,unknown,review required,elite,posting,gone/closed?,4,2026-07-27,,,,Greenhouse/imc,https://job-boards.eu.greenhouse.io/imc/jobs/4932192101,2026-07-21,2026-07-24,imctradinggraduatesoftwareengineerdigitalassetszug
,Squarepoint Capital,Graduate Quant Developer,Quant,,,unknown,unknown,Singapore,unspecified,"London, Montreal, Singapore",Summer 2027,,Unknown,graduate,unknown,unknown,review required,elite,posting,gone/closed?,4,2026-07-27,,,,Greenhouse/squarepointcapital,https://www.squarepoint-capital.com/open-opportunities?id=7918610&gh_jid=7918610,2026-07-21,2026-07-24,squarepointcapitalgraduatequantengineerlondon
,Squarepoint Capital,Graduate Software Developer,Software Engineering,,,unknown,unknown,Singapore,unspecified,"London, Montreal, Singapore",Summer 2027,,Unknown,graduate,unknown,unknown,review required,elite,posting,gone/closed?,4,2026-07-27,,,,Greenhouse/squarepointcapital,https://www.squarepoint-capital.com/open-opportunities?id=6040910&gh_jid=6040910,2026-07-21,2026-07-24,squarepointcapitalgraduatesoftwareengineerlondon
,Squarepoint Capital,Graduate Trading Applications Specialist ,Quant,,,unknown,unknown,US / Hong Kong,unspecified,"London, Montreal, New York, Houston, Hong Kong",Summer 2027,,Unknown,graduate,unknown,unknown,review required,elite,posting,gone/closed?,4,2026-07-27,,,,Greenhouse/squarepointcapital,https://www.squarepoint-capital.com/open-opportunities?id=6100081&gh_jid=6100081,2026-07-21,2026-07-24,squarepointcapitalgraduatetradingapplicationsspecialistlondon
,Squarepoint Capital,Trading Infrastructure Specialist – Graduate Programme,Quant,,,unknown,unknown,US / Singapore / Hong Kong,unspecified,"London, Montreal, Hong Kong, New York, Singapore",Summer 2027,,Unknown,graduate,unknown,unknown,review required,elite,posting,gone/closed?,4,2026-07-27,,,,Greenhouse/squarepointcapital,https://www.squarepoint-capital.com/open-opportunities?id=7757021&gh_jid=7757021,2026-07-21,2026-07-24,squarepointcapitaltradinginfrastructurespecialistgraduateprogram
,Apple,Hardware Undergrad Engineering Internship,Software Engineering,,,unknown,unknown,Unknown,unspecified,hardware intern (undergrad),Summer 2027,,Undergraduate eligible,intern,unknown,unknown,review required,high,posting,gone/closed?,4,2026-07-27,,,,sndsh404_2027,https://jobs.apple.com/en-us/details/200663981-3810/hardware-undergrad-engineering-internships,2026-07-24,2026-07-24,applehardwareundergradengineerhardwareinternundergrad
,Apple,Machine Learning & AI Undergrad Internship,AI / ML,,,unknown,unknown,Unknown,unspecified,ML / AI intern (undergrad),Summer 2027,,Undergraduate eligible,intern,unknown,unknown,review required,high,posting,gone/closed?,4,2026-07-27,,,,sndsh404_2027,https://jobs.apple.com/en-us/details/200664780-3810/machine-learning-and-artificial-intelligence-undergrad-internships,2026-07-24,2026-07-24,applemachinelearningaiundergradml
,DRW,Quantitative Trading Analyst Intern,Quant,,,unknown,unknown,US,unspecified,"Chicago, IL",Summer 2026,,Unknown,intern,unknown,unknown,review required,high,posting,gone/closed?,4,2026-07-27,,,,Simplify2026,https://job-boards.greenhouse.io/drweng/jobs/7668776?utm_source=Simplify&ref=Simplify,2026-07-21,2026-07-21,drwquantitativetradinganalystchicago
,DRW,Software Developer Intern,Software Engineering,,,unknown,unknown,US,unspecified,"Chicago, IL",Summer 2026,,Unknown,intern,unknown,unknown,review required,high,posting,gone/closed?,4,2026-07-27,,,,Simplify2026,https://job-boards.greenhouse.io/drweng/jobs/7992936?utm_source=Simplify&ref=Simplify,2026-07-21,2026-07-21,drwsoftwareengineerchicago
,Graphcore,2026 Graduate Firmware Engineer,Software Engineering,hardware,,unknown,unknown,UK,unspecified,"Bristol, UK",Summer 2027,,Unknown,graduate,unknown,unknown,review required,high,posting,gone/closed?,4,2026-07-27,,,,Greenhouse/graphcore,https://job-boards.greenhouse.io/graphcore/jobs/8615313002,2026-07-21,2026-07-24,graphcoregraduatefirmwareengineerbristol
,Graphcore,2026 Graduate IT Infrastructure Engineer,Software Engineering,,,unknown,unknown,UK,unspecified,"Bristol, UK",Summer 2027,,Unknown,graduate,unknown,unknown,review required,high,posting,gone/closed?,4,2026-07-27,,,,Greenhouse/graphcore,https://job-boards.greenhouse.io/graphcore/jobs/8613591002,2026-07-21,2026-07-21,graphcoregraduateitinfrastructureengineerbristol
,Graphcore,2026 Graduate Silicon Engineer,Software Engineering,,,unknown,unknown,UK,unspecified,"Bristol, UK",Summer 2027,,Unknown,graduate,unknown,unknown,review required,high,posting,gone/closed?,4,2026-07-27,,,,Greenhouse/graphcore,https://job-boards.greenhouse.io/graphcore/jobs/8613305002,2026-07-21,2026-07-24,graphcoregraduatesiliconengineerbristol
,Graphcore,2026 Graduate Software Engineer - Triton,Software Engineering,,,unknown,unknown,UK,unspecified,"Bristol, UK",Summer 2027,,Unknown,graduate,unknown,unknown,review required,high,posting,gone/closed?,4,2026-07-27,,,,Greenhouse/graphcore,https://job-boards.greenhouse.io/graphcore/jobs/8615504002,2026-07-21,2026-07-21,graphcoregraduatesoftwareengineertritonbristol
,Graphcore,Graduate Silicon Engineer,Software Engineering,,,unknown,unknown,UK,unspecified,"Cambridge, UK",Summer 2027,,Unknown,graduate,unknown,unknown,review required,high,posting,gone/closed?,4,2026-07-27,,,,Greenhouse/graphcore,https://job-boards.greenhouse.io/graphcore/jobs/8605356002,2026-07-21,2026-07-24,graphcoregraduatesiliconengineercambridge
,Palantir,"Forward Deployed Infrastructure Engineer, Internship - US Government",Software Engineering,,,unknown,unknown,US,unspecified,"Washington, D.C.",Unknown,,Unknown,intern,unknown,unknown,review required,high,posting,gone/closed?,3,2026-07-27,,,,Lever/palantir,https://jobs.lever.co/palantir/3db7e40a-28e0-4ad1-96c5-93de5bc96aa9,2026-07-21,2026-07-24,palantirforwarddeployedinfrastructureengineerusgovernmentwashing
,Palantir,"Forward Deployed Infrastructure Engineer, Internship - US Government",Software Engineering,,,unknown,unknown,US,unspecified,"Palo Alto, CA",Unknown,,Unknown,intern,unknown,unknown,review required,high,posting,gone/closed?,3,2026-07-27,,,,Lever/palantir,https://jobs.lever.co/palantir/8f362a1f-1eff-4327-94c1-ff46e2101c69,2026-07-21,2026-07-24,palantirforwarddeployedinfrastructureengineerusgovernmentpaloalt
,Palantir,"Forward Deployed Infrastructure Engineer, Internship - US Government",Software Engineering,,,unknown,unknown,US,unspecified,"New York, NY",Unknown,,Unknown,intern,unknown,unknown,review required,high,posting,gone/closed?,3,2026-07-27,,,,Lever/palantir,https://jobs.lever.co/palantir/cf5f44ff-1b0b-4752-bcd4-2dc88798f25b,2026-07-21,2026-07-24,palantirforwarddeployedinfrastructureengineerusgovernmentnewyork
,Palantir,"Forward Deployed Software Engineer, New Grad - Commercial",Software Engineering,,,unknown,unknown,US,unspecified,"New York, NY",Summer 2027,,Unknown,new-grad,unknown,unknown,review required,high,posting,gone/closed?,4,2026-07-27,,,,Lever/palantir,https://jobs.lever.co/palantir/2e6b0ac8-83e9-4be5-a3aa-cf319f751728,2026-07-21,2026-07-24,palantirforwarddeployedsoftwareengineernewgradcommercialnewyork
,Palantir,"Forward Deployed Software Engineer, New Grad - Commercial",Software Engineering,,,unknown,unknown,US,unspecified,"Chicago, IL",Summer 2027,,Unknown,new-grad,unknown,unknown,review required,high,posting,gone/closed?,4,2026-07-27,,,,Lever/palantir,https://jobs.lever.co/palantir/e500bcf3-19d8-4d3c-b340-4d76e4a55b40,2026-07-21,2026-07-24,palantirforwarddeployedsoftwareengineernewgradcommercialchicago
,Palantir,"Forward Deployed Software Engineer, New Grad - Intel, US Government",Software Engineering,,,unknown,unknown,US,unspecified,"Washington, D.C.",Summer 2027,,Unknown,new-grad,unknown,unknown,review required,high,posting,gone/closed?,4,2026-07-27,,,,Lever/palantir,https://jobs.lever.co/palantir/fbca0358-083a-4222-bdbb-3bd729b48382,2026-07-21,2026-07-24,palantirforwarddeployedsoftwareengineernewgradintelusgovernmentw
,Palantir,"Forward Deployed Software Engineer, New Grad - US Government",Software Engineering,,,unknown,unknown,US,unspecified,"Washington, D.C.",Summer 2027,,Unknown,new-grad,unknown,unknown,review required,high,posting,gone/closed?,4,2026-07-27,,,,Lever/palantir,https://jobs.lever.co/palantir/cbe90327-3e6e-451c-a54c-1d3cbcef5aeb,2026-07-21,2026-07-24,palantirforwarddeployedsoftwareengineernewgradusgovernmentwashin
,Palantir,"Forward Deployed Software Engineer, New Grad - US Government",Software Engineering,,,unknown,unknown,US,unspecified,"New York, NY",Summer 2027,,Unknown,new-grad,unknown,unknown,review required,high,posting,gone/closed?,4,2026-07-27,,,,Lever/palantir,https://jobs.lever.co/palantir/d1ac83d0-e923-42a5-8e6d-58dd0cab25ca,2026-07-21,2026-07-24,palantirforwarddeployedsoftwareengineernewgradusgovernmentnewyor
,Palantir,Privacy & Civil Liberties Engineer - New Grad,Software Engineering,,,unknown,unknown,US,unspecified,"New York, NY",Summer 2027,,Unknown,new-grad,unknown,unknown,review required,high,posting,gone/closed?,4,2026-07-27,,,,Lever/palantir,https://jobs.lever.co/palantir/95e0d2b0-437a-4096-a5c6-0f247f426c90,2026-07-21,2026-07-24,palantirprivacycivillibertiesengineernewgradnewyork
,Palantir,"Software Engineer, New Grad",Software Engineering,,,unknown,unknown,US,unspecified,"New York, NY",Summer 2027,,Unknown,new-grad,unknown,unknown,review required,high,posting,gone/closed?,4,2026-07-27,,,,Lever/palantir,https://jobs.lever.co/palantir/94984771-0704-446c-88c6-91ce748f6d92,2026-07-21,2026-07-24,palantirsoftwareengineernewgradnewyork
,Palantir,"Software Engineer, New Grad",Software Engineering,,,unknown,unknown,US,unspecified,"Denver, CO",Summer 2027,,Unknown,new-grad,unknown,unknown,review required,high,posting,gone/closed?,4,2026-07-27,,,,Lever/palantir,https://jobs.lever.co/palantir/c34b424e-caf2-455a-b104-ae1096ccca29,2026-07-21,2026-07-24,palantirsoftwareengineernewgraddenver
,Palantir,"Software Engineer, New Grad - Defense",Software Engineering,,,unknown,unknown,US,unspecified,"New York, NY",Summer 2027,,Unknown,new-grad,unknown,unknown,review required,high,posting,gone/closed?,4,2026-07-27,,,,Lever/palantir,https://jobs.lever.co/palantir/0a838e66-1ab0-4fc4-b4d3-4671c0352278,2026-07-21,2026-07-24,palantirsoftwareengineernewgraddefensenewyork
,Palantir,"Software Engineer, New Grad - Defense",Software Engineering,,,unknown,unknown,US,unspecified,"Washington, D.C.",Summer 2027,,Unknown,new-grad,unknown,unknown,review required,high,posting,gone/closed?,4,2026-07-27,,,,Lever/palantir,https://jobs.lever.co/palantir/18d901fc-93bb-4d18-9f04-c72031e20d79,2026-07-21,2026-07-24,palantirsoftwareengineernewgraddefensewashington
,Palantir,"Software Engineer, New Grad - Defense",Software Engineering,,,unknown,unknown,US,unspecified,"Palo Alto, CA",Summer 2027,,Unknown,new-grad,unknown,unknown,review required,high,posting,gone/closed?,4,2026-07-27,,,,Lever/palantir,https://jobs.lever.co/palantir/f362d7aa-360d-4059-ab38-f482742693b3,2026-07-21,2026-07-24,palantirsoftwareengineernewgraddefensepaloalto
,Palantir,"Software Engineer, New Grad - Infrastructure",Software Engineering,,,unknown,unknown,US,unspecified,"New York, NY",Summer 2027,,Unknown,new-grad,unknown,unknown,review required,high,posting,gone/closed?,4,2026-07-27,,,,Lever/palantir,https://jobs.lever.co/palantir/4abf26b4-795c-420a-bf22-1ab98db268b4,2026-07-21,2026-07-24,palantirsoftwareengineernewgradinfrastructurenewyork
,Palantir,"Software Engineer, New Grad - Infrastructure",Software Engineering,,,unknown,unknown,US,unspecified,"Palo Alto, CA",Summer 2027,,Unknown,new-grad,unknown,unknown,review required,high,posting,gone/closed?,4,2026-07-27,,,,Lever/palantir,https://jobs.lever.co/palantir/7d75bed5-45d8-4876-840a-2d92ea79c98d,2026-07-21,2026-07-24,palantirsoftwareengineernewgradinfrastructurepaloalto
,Palantir,"Software Engineer, New Grad - Production Infrastructure",Software Engineering,,,unknown,unknown,US,unspecified,"Washington, D.C.",Summer 2027,,Unknown,new-grad,unknown,unknown,review required,high,posting,gone/closed?,4,2026-07-27,,,,Lever/palantir,https://jobs.lever.co/palantir/15844944-fb69-4b57-9531-e988650b20c6,2026-07-21,2026-07-24,palantirsoftwareengineernewgradproductioninfrastructurewashingto
,Palantir,"Software Engineer, New Grad - Production Infrastructure",Software Engineering,,,unknown,unknown,US,unspecified,"Seattle, WA",Summer 2027,,Unknown,new-grad,unknown,unknown,review required,high,posting,gone/closed?,4,2026-07-27,,,,Lever/palantir,https://jobs.lever.co/palantir/4d5a144e-87ea-45e2-a68c-3fad590629af,2026-07-21,2026-07-24,palantirsoftwareengineernewgradproductioninfrastructureseattle
,Palantir,"Software Engineer, New Grad - Production Infrastructure",Software Engineering,,,unknown,unknown,US,unspecified,"New York, NY",Summer 2027,,Unknown,new-grad,unknown,unknown,review required,high,posting,gone/closed?,4,2026-07-27,,,,Lever/palantir,https://jobs.lever.co/palantir/e1a6c138-98bf-45e2-97f7-2c70371cc38a,2026-07-21,2026-07-24,palantirsoftwareengineernewgradproductioninfrastructurenewyork
,Verkada,Technical Support Engineer - University Graduate 2026,Software Engineering,,,unknown,unknown,US,unspecified,"New York City, NY United States",Summer 2027,,Unknown,graduate,unknown,unknown,review required,high,posting,gone/closed?,4,2026-07-27,,,,Greenhouse/verkada,https://job-boards.greenhouse.io/verkada/jobs/5172974007,2026-07-21,2026-07-24,verkadatechnicalsupportengineeruniversitygraduatenewyorkcity
,Verkada,Technical Support Engineer - University Graduate 2026,Software Engineering,,,unknown,unknown,US,unspecified,"San Mateo, CA United States",Summer 2027,,Unknown,graduate,unknown,unknown,review required,high,posting,gone/closed?,4,2026-07-27,,,,Greenhouse/verkada,https://job-boards.greenhouse.io/verkada/jobs/4715534007,2026-07-21,2026-07-24,verkadatechnicalsupportengineeruniversitygraduatesanmateo
,Verkada,Technical Support Engineering Intern - Fall 2026,Software Engineering,,,unknown,unknown,US,unspecified,"San Mateo, CA United States",Summer 2027,,Unknown,intern,unknown,unknown,review required,high,posting,gone/closed?,4,2026-07-27,,,,Greenhouse/verkada,https://job-boards.greenhouse.io/verkada/jobs/5017082007,2026-07-21,2026-07-21,verkadatechnicalsupportengineerfallsanmateo
,Waymo,"Machine Learning Engineer Perception LLM/VLM (PhD, New Grad)",Robotics & Embodied AI,perception,autonomous vehicles,established,company-dependent,US,unspecified,"Mountain View, CA USA;  San Francisco, CA USA;",Summer 2027,,PhD,new-grad,unknown,unknown,review required,high,posting,gone/closed?,4,2026-07-27,,,,Greenhouse/waymo,https://careers.withwaymo.com/jobs?gh_jid=7488508,2026-07-21,2026-07-24,waymomachinelearningengineerperceptionllmvlmmountainview
,Waymo,Sensor Placement and Analysis Engineer,Robotics & Embodied AI,,autonomous vehicles,established,company-dependent,US,unspecified,"Novi, MI, USA ; Mountain View, CA, USA",Summer 2027,,Unknown,other,unknown,unknown,review required,high,posting,gone/closed?,4,2026-07-27,,,,Greenhouse/waymo,https://careers.withwaymo.com/jobs?gh_jid=7927430,2026-07-21,2026-07-24,waymosensorplacementandanalysisengineernovi
,🔥 NVIDIA,PhD Research Intern - Generative AI 🎓,Software Engineering,research,,unknown,unknown,US,unspecified,"California / Santa Clara, CA / United States",Summer 2026,,PhD,intern,unknown,unknown,review required,high,posting,gone/closed?,4,2026-07-27,,,"ADV-DEGREE,HOT",Simplify2026,https://nvidia.wd5.myworkdayjobs.com/NVIDIAExternalCareerSite/job/US-CA-Santa-Clara/PhD-Research-Intern--Generative-AI---2026_JR2016035?utm_source=Simplify&ref=Simplify,2026-07-21,2026-07-21,nvidiaphdresearchgenerativeaicalifornia
,AMAROK Security,Research and Development Intern,Software Engineering,research,,unknown,unknown,US,unspecified,"Columbia, SC",Summer 2026,,Unknown,intern,unknown,unknown,review required,,posting,gone/closed?,4,2026-07-27,,,,Simplify2026,https://job-boards.greenhouse.io/amarok/jobs/6018661004?utm_source=Simplify&ref=Simplify,2026-07-21,2026-07-21,amaroksecurityresearchanddevelopmentcolumbia
,Adaptive Security,AI Product Operations Intern,Software Engineering,,,unknown,unknown,US,unspecified,NYC,Summer 2026,,Unknown,intern,unknown,unknown,review required,,posting,gone/closed?,4,2026-07-27,,,,Simplify2026,https://jobs.ashbyhq.com/adaptivesecurity/a941849b-bc2b-421d-b58c-bd76cfa31b1b/application?utm_source=Simplify&ref=Simplify,2026-07-21,2026-07-21,adaptivesecurityaiproductoperationsnyc
,Ambarella,Mixed Signal Engineer Intern 🎓,Software Engineering,,,unknown,unknown,US,unspecified,United States,Summer 2026,,Advanced/unknown,intern,unknown,unknown,review required,,posting,gone/closed?,4,2026-07-27,,,ADV-DEGREE,Simplify2026,https://ambarella.wd108.myworkdayjobs.com/ambarella/job/US-Headquarters/Mixed-Signal-Engineer-Intern_JR100105?utm_source=Simplify&ref=Simplify,2026-07-21,2026-07-21,ambarellamixedsignalengineerunitedstates
,Aptura,Investment Banking MBA Intern - AI Research 🎓,Software Engineering,research,,unknown,unknown,UK,unspecified,"London, UK",Summer 2026,,Masters,intern,unknown,unknown,review required,,posting,gone/closed?,4,2026-07-27,,,ADV-DEGREE,Simplify2026,https://jobs.ashbyhq.com/aptura/fbe2e597-52df-49f8-9bed-0e3a21e620a9/application?embed=true&utm_source=Simplify&ref=Simplify,2026-07-21,2026-07-24,apturainvestmentbankingmbaairesearchlondon
,Astera Labs,Platform Applications Engineer Intern Co-op,Software Engineering,,,unknown,unknown,Canada,unspecified,"Vancouver, BC, Canada",2026,,Unknown,co-op,unknown,unknown,review required,,posting,gone/closed?,2,2026-07-27,,,,Simplify2026,https://job-boards.greenhouse.io/asteraearlycareer2026/jobs/4562833005?utm_source=Simplify&ref=Simplify,2026-07-21,2026-07-25,asteralabsplatformapplicationsengineervancouver
,Base Power,Quantitative Developer Intern,Quant,,,unknown,unknown,US,unspecified,"Austin, TX",Summer 2026,,Unknown,intern,unknown,unknown,review required,,posting,gone/closed?,2,2026-07-27,,,,Simplify2026,https://jobs.ashbyhq.com/base-power/b6b2332e-1226-4575-b2c9-9e5258f2540e/application?utm_source=Simplify&ref=Simplify,2026-07-21,2026-07-25,basepowerquantitativeengineeraustin
,Base Power,Software Engineer Intern,Software Engineering,,,unknown,unknown,US,unspecified,"Austin, TX",Summer 2026,,Unknown,intern,unknown,unknown,review required,,posting,gone/closed?,2,2026-07-27,,,,Simplify2026,https://jobs.ashbyhq.com/base-power/5353ea33-57d4-46fa-9a96-e392a3f841bc/application?utm_source=Simplify&ref=Simplify,2026-07-21,2026-07-25,basepowersoftwareengineeraustin
,Binance,Software Engineer Intern,Software Engineering,,,unknown,unknown,US,remote,Remote in USA,Summer 2026,,Unknown,intern,unknown,unknown,review required,,posting,gone/closed?,4,2026-07-27,,,,Simplify2026,https://jobs.ashbyhq.com/binance.us/c23e9aa3-0daa-4170-a5a7-b03aaa031895/application?utm_source=Simplify&ref=Simplify,2026-07-21,2026-07-21,binancesoftwareengineerremoteinusa
,Black Box,AI Engineer Intern 🎓,Software Engineering,,,unknown,unknown,US,unspecified,"Plano, TX",Summer 2026,,Advanced/unknown,intern,unknown,unknown,review required,,posting,gone/closed?,2,2026-07-27,,,ADV-DEGREE,Simplify2026,https://eoje.fa.us2.oraclecloud.com/hcmUI/CandidateExperience/en/sites/CX_1001/job/6315?utm_source=Simplify&ref=Simplify,2026-07-21,2026-07-25,blackboxaiengineerplano
,Boston Properties,IT Data Services Co-op,Software Engineering,,,unknown,unknown,US,unspecified,"Boston, MA",Summer 2026,,Unknown,co-op,unknown,unknown,review required,,posting,gone/closed?,4,2026-07-27,,,,Simplify2026,https://edxn.fa.us2.oraclecloud.com/hcmUI/CandidateExperience/en/sites/CX_5001/job/26107?utm_source=Simplify&ref=Simplify,2026-07-21,2026-07-21,bostonpropertiesitdataservicesboston
,Boys Town,Artificial Intelligence & Machine Learning Intern,AI / ML,,,unknown,unknown,US,unspecified,"Omaha, NE",Summer 2026,,Unknown,intern,unknown,unknown,review required,,posting,gone/closed?,4,2026-07-27,,,,Simplify2026,https://boystown.wd1.myworkdayjobs.com/boystowncareers/job/Omaha-NE/Artificial-Intelligence---Machine-Learning-Intern_REQ-2026-8543-1?utm_source=Simplify&ref=Simplify,2026-07-21,2026-07-21,boystownartificialintelligencemachinelearningomaha
,CAE,AI Intern,Software Engineering,,,unknown,unknown,Canada,unspecified,"Montreal, QC, Canada",Summer 2026,,Unknown,intern,unknown,unknown,review required,,posting,gone/closed?,4,2026-07-27,,,,Simplify2026,https://cae.wd3.myworkdayjobs.com/career/job/Montreal-St-Laurent/C-IT-106---AI-Intern_122744?utm_source=Simplify&ref=Simplify,2026-07-21,2026-07-21,caeaimontreal
,Carnegie Mellon University,Research Intern - College of Engineering - Electrical and Computer Engineering,Software Engineering,"hardware,research",,unknown,unknown,US,unspecified,"Pittsburgh, PA",Summer 2026,,Unknown,intern,unknown,unknown,review required,,posting,gone/closed?,4,2026-07-27,,,,Simplify2026,https://cmu.wd5.myworkdayjobs.com/cmu/job/Pittsburgh-PA/Summer-Research-Intern---College-of-Engineering---Electrical-and-Computer-Engineering_2024690?utm_source=Simplify&ref=Simplify,2026-07-21,2026-07-21,carnegiemellonuniversityresearchcollegeofengineerelectricalandco
,Centific,Speech Research Intern - Centific AI Research 🎓,Software Engineering,research,,unknown,unknown,US,remote,"Remote in USA / Redmond, WA",Summer 2026,,Advanced/unknown,intern,unknown,unknown,review required,,posting,gone/closed?,4,2026-07-27,,,ADV-DEGREE,Simplify2026,https://centific.wd1.myworkdayjobs.com/Centific_Global/job/Remote-Work-USA/Speech-Research-Intern-2_JR107448-1?utm_source=Simplify&ref=Simplify,2026-07-21,2026-07-21,centificspeechresearchcentificairesearchremoteinusa
,Ciena,Embedded Software Engineer Intern,Software Engineering,hardware,,unknown,unknown,Canada,unspecified,"Ottawa, ON, Canada",Summer 2026,,Unknown,intern,unknown,unknown,review required,,posting,gone/closed?,4,2026-07-27,,,,Simplify2026,https://ciena.wd5.myworkdayjobs.com/Careers/job/Ottawa/Embedded-Software-Engineer---Intern_R031146?utm_source=Simplify&ref=Simplify,2026-07-21,2026-07-21,cienaembeddedsoftwareengineerottawa
,Cotiviti,AI Engineer Intern,Software Engineering,,,unknown,unknown,US,remote,Remote in USA,Summer 2026,,Unknown,intern,unknown,unknown,review required,,posting,gone/closed?,4,2026-07-27,,,,Simplify2026,https://careers-cotiviti.icims.com/jobs/19531/job?mobile=true&needsRedirect=false&utm_source=Simplify&ref=Simplify,2026-07-21,2026-07-21,cotivitiaiengineerremoteinusa
,Custom Computer Specialists,Developer Intern,Software Engineering,,,unknown,unknown,US,unspecified,"Long Island, New York",Summer 2026,,Unknown,intern,unknown,unknown,review required,,posting,gone/closed?,4,2026-07-27,,,,Simplify2026,https://job-boards.greenhouse.io/customcomputerspecialists/jobs/4221846009?utm_source=Simplify&ref=Simplify,2026-07-21,2026-07-21,customcomputerspecialistsengineerlongisland
,EV Realty,Data Analytics Intern,Data,,,unknown,unknown,US,unspecified,"Salt Lake City, UT / SF",Summer 2026,,Unknown,intern,unknown,unknown,review required,,posting,gone/closed?,4,2026-07-27,,,,Simplify2026,https://jobs.lever.co/evrealty-us/0274f48f-9b19-4bed-bf6a-5e02a2b1e865/apply?utm_source=Simplify&ref=Simplify,2026-07-21,2026-07-21,evrealtydataanalyticssaltlakecity
,Eulerity,Digital Marketing Intern - Technical AI & Automation,Software Engineering,,,unknown,unknown,US,unspecified,NYC,Summer 2026,,Unknown,intern,unknown,unknown,review required,,posting,gone/closed?,4,2026-07-27,,,,Simplify2026,https://job-boards.greenhouse.io/eulerity/jobs/4695806006?utm_source=Simplify&ref=Simplify,2026-07-21,2026-07-21,euleritydigitalmarketingtechnicalaiautomationnyc
,GE Vernova,Data Analyst Intern - Competency Management,Software Engineering,,,unknown,unknown,UK,unspecified,"Stoke-on-Trent, UK",Summer 2026,,Unknown,intern,unknown,unknown,review required,,posting,gone/closed?,4,2026-07-27,,,,Simplify2026,https://gevernova.wd5.myworkdayjobs.com/vernova_externalsite/job/Stafford/Data-Analyst-Intern---Competency-Management_R5044024?utm_source=Simplify&ref=Simplify,2026-07-21,2026-07-21,gevernovadataanalystcompetencymanagementstokeontrent
,GenBio AI,Software Engineer Intern 🎓,Software Engineering,,,unknown,unknown,US,unspecified,"Palo Alto, CA",Summer 2026,,Advanced/unknown,intern,unknown,unknown,review required,,posting,gone/closed?,4,2026-07-27,,,ADV-DEGREE,Simplify2026,https://jobs.lever.co/genbio/4bdb14ae-e19f-40c8-84db-1307dbdabe74/apply?utm_source=Simplify&ref=Simplify,2026-07-21,2026-07-21,genbioaisoftwareengineerpaloalto
,Generac,Firmware Engineering Intern,Software Engineering,hardware,,unknown,unknown,US,unspecified,"Reno, NV",Summer 2026,,Unknown,intern,unknown,unknown,review required,,posting,gone/closed?,4,2026-07-27,,,,Simplify2026,https://generac.wd5.myworkdayjobs.com/en-US/external/job/Reno-NV---USA/Intern-Firmware-Engineering_JR14674?utm_source=Simplify&ref=Simplify,2026-07-21,2026-07-21,generacfirmwareengineerreno
,Later,Software Development Co-op,Software Engineering,,,unknown,unknown,Canada,unspecified,"Vancouver, BC, Canada",Summer 2026,,Unknown,co-op,unknown,unknown,review required,,posting,gone/closed?,4,2026-07-27,,,,Simplify2026,https://job-boards.greenhouse.io/later/jobs/8621762002?utm_source=Simplify&ref=Simplify,2026-07-21,2026-07-21,latersoftwaredevelopmentvancouver
,LiveRamp,Software Engineer Co-op - Conversions API,Software Engineering,,,unknown,unknown,US,unspecified,"4 locations Seattle, WA / SF / Little Rock, AR / NYC",Summer 2026,,Unknown,co-op,unknown,unknown,review required,,posting,gone/closed?,4,2026-07-27,,,,Simplify2026,https://liveramp.wd5.myworkdayjobs.com/en-US/LiveRampCareers/job/San-Francisco/Co-Op--Software-Engineer---Conversions-API_JR012232-1?utm_source=Simplify&ref=Simplify,2026-07-21,2026-07-21,liverampsoftwareengineerconversionsapi4locationsseattle
,MAG Aerospace,Systems Analyst Apprentice,Software Engineering,,,unknown,unknown,US,unspecified,California,Summer 2026,,Unknown,apprenticeship,unknown,unknown,review required,,posting,gone/closed?,4,2026-07-27,,,,Simplify2026,https://careers-magaero.icims.com/jobs/8221/job?mobile=true&needsRedirect=false&utm_source=Simplify&ref=Simplify,2026-07-21,2026-07-21,magaerospacesystemsanalystapprenticecalifornia
,MLH,MLH Fellowship,Software Engineering,,,unknown,unknown,Remote,remote,"remote SWE fellowship, stipend",Summer 2027,,Unknown,fellowship,unknown,unknown,review required,,posting,gone/closed?,4,2026-07-27,,,,sndsh404_2027,https://fellowship.mlh.io/,2026-07-24,2026-07-24,mlhmlhfellowshipremoteswefellowship
,Magna,Systems Engineer Intern,Software Engineering,,,unknown,unknown,US,unspecified,"Southfield, MI",Summer 2026,,Unknown,intern,unknown,unknown,review required,,posting,gone/closed?,4,2026-07-27,,,,Simplify2026,https://wd3.myworkdaysite.com/recruiting/magna/Magna/job/Southfield-Michigan-US/Intern---Engineering_R00235413?utm_source=Simplify&ref=Simplify,2026-07-24,2026-07-24,magnasystemsengineersouthfield
,Marvell,Applied Machine Learning Scientist Intern,AI / ML,,,unknown,unknown,US,unspecified,"Santa Clara, CA",Summer 2026,,Unknown,intern,unknown,unknown,review required,,posting,gone/closed?,4,2026-07-27,,,,Simplify2026,https://marvell.wd1.myworkdayjobs.com/MarvellCareers/job/Santa-Clara-CA/Applied-Machine-Learning-Scientist-Intern---PhD_2502662-1?utm_source=Simplify&ref=Simplify,2026-07-21,2026-07-21,marvellappliedmachinelearningscientistsantaclara
,Meshy,Data Infra Engineer Intern,Software Engineering,,,unknown,unknown,US,unspecified,"San Francisco, CA",Summer 2026,,Unknown,intern,unknown,unknown,review required,,posting,gone/closed?,2,2026-07-27,,,,Simplify2026,https://jobs.ashbyhq.com/meshy/2f33b2eb-b76d-4618-b299-497471f263b9?utm_source=Simplify&ref=Simplify,2026-07-21,2026-07-25,meshydatainfraengineersanfrancisco
,Motorola,Software Engineer Co-op,Software Engineering,,,unknown,unknown,Canada,unspecified,"Gatineau, QC, Canada",Summer 2026,,Unknown,co-op,unknown,unknown,review required,,posting,gone/closed?,4,2026-07-27,,,,Simplify2026,https://motorolasolutions.wd5.myworkdayjobs.com/Careers/job/Gatineau-Canada/Software-Engineer-Co-op_R66130?utm_source=Simplify&ref=Simplify,2026-07-24,2026-07-24,motorolasoftwareengineergatineau
,National Laboratory of the Rockies,Energy Data Analysis Intern,Software Engineering,,,unknown,unknown,US,unspecified,"Golden, CO",Summer 2026,,Unknown,intern,unknown,unknown,review required,,posting,gone/closed?,4,2026-07-27,,,,Simplify2026,https://nrel.wd5.myworkdayjobs.com/NLR/job/Remote/Energy-Data-Analysis----Year-Round--Graduate-Internship_R14400?utm_source=Simplify&ref=Simplify,2026-07-24,2026-07-24,nationallaboratoryoftherockiesenergydataanalysisgolden
,Navaide,Technology & Innovation Intern,Software Engineering,,,unknown,unknown,US,unspecified,"Arlington, VA / San Diego, CA",Summer 2026,,Unknown,intern,unknown,unknown,review required,,posting,gone/closed?,4,2026-07-27,,,,Simplify2026,https://navaide.breezy.hr/p/3fe610df21d6/apply?utm_source=Simplify&ref=Simplify,2026-07-21,2026-07-21,navaidetechnologyinnovationarlington
,NewsBreak,Research Intern - Agent Reinforcement Learning Training,Software Engineering,research,,unknown,unknown,US,unspecified,"Mountain View, CA",Summer 2026,,Unknown,intern,unknown,unknown,review required,,posting,gone/closed?,2,2026-07-27,,,,Simplify2026,https://job-boards.greenhouse.io/newsbreak/jobs/4684555006?utm_source=Simplify&ref=Simplify,2026-07-21,2026-07-25,newsbreakresearchagentreinforcementlearningtrainingmountainview
,OfferUp,Software Engineer Intern,Software Engineering,,,unknown,unknown,US,unspecified,"Bellevue, WA",Summer 2026,,Unknown,intern,unknown,unknown,review required,,posting,gone/closed?,4,2026-07-27,,,,Simplify2026,https://job-boards.greenhouse.io/offerup/jobs/8004171?utm_source=Simplify&ref=Simplify,2026-07-21,2026-07-21,offerupsoftwareengineerbellevue
,Pennsylvania State University,Research and Development Engineer Intern,Software Engineering,research,,unknown,unknown,US,unspecified,"State College, PA",Summer 2026,,Unknown,intern,unknown,unknown,review required,,posting,gone/closed?,4,2026-07-27,,,,Simplify2026,https://psu.wd1.myworkdayjobs.com/PSU_Staff/job/Penn-State-University-Park/Research-and-Development-Engineer-Intern_REQ_0000072876-1?utm_source=Simplify&ref=Simplify,2026-07-21,2026-07-21,pennsylvaniastateuniversityresearchanddevelopmentengineerstateco
,PlusAI,Computer Vision Engineer Intern 🎓,AI / ML,perception,,unknown,unknown,US,unspecified,"Santa Clara, CA",Summer 2026,,Advanced/unknown,intern,unknown,unknown,review required,,posting,gone/closed?,2,2026-07-27,,,ADV-DEGREE,Simplify2026,https://jobs.lever.co/plus-2/c143df6e-66c2-4498-b19b-8323f9954ca9/apply?utm_source=Simplify&ref=Simplify,2026-07-21,2026-07-25,plusaicomputervisionengineersantaclara
,PlusAI,Deep Learning Intern 🎓,AI / ML,,,unknown,unknown,US,unspecified,"Santa Clara, CA",Summer 2026,,Advanced/unknown,intern,unknown,unknown,review required,,posting,gone/closed?,2,2026-07-27,,,ADV-DEGREE,Simplify2026,https://jobs.lever.co/plus-2/58d77886-bf3a-4707-8af8-e1af47162e2e/apply?utm_source=Simplify&ref=Simplify,2026-07-21,2026-07-25,plusaideeplearningsantaclara
,PlusAI,Deep Learning Research Intern 🎓,AI / ML,research,,unknown,unknown,US,unspecified,"Santa Clara, CA",Summer 2026,,Advanced/unknown,intern,unknown,unknown,review required,,posting,gone/closed?,2,2026-07-27,,,ADV-DEGREE,Simplify2026,https://jobs.lever.co/plus-2/2f2c1cd9-f099-483a-9717-0da83a391333/apply?utm_source=Simplify&ref=Simplify,2026-07-21,2026-07-25,plusaideeplearningresearchsantaclara
,PlusAI,Machine Learning Engineer Intern,AI / ML,,,unknown,unknown,US,unspecified,"Santa Clara, CA",Summer 2026,,Unknown,intern,unknown,unknown,review required,,posting,gone/closed?,4,2026-07-27,,,,Simplify2026,https://jobs.lever.co/plus-2/5d71c173-fef1-409f-b3f0-750e3b828266/apply?utm_source=Simplify&ref=Simplify,2026-07-21,2026-07-21,plusaimachinelearningengineersantaclara
,PlusAI,Machine Learning Engineer Intern - Planning,AI / ML,,,unknown,unknown,US,unspecified,"Santa Clara, CA",Summer 2026,,Unknown,intern,unknown,unknown,review required,,posting,gone/closed?,4,2026-07-27,,,,Simplify2026,https://jobs.lever.co/plus-2/91a07eb1-2244-48bf-a65b-dc166a327ddc/apply?utm_source=Simplify&ref=Simplify,2026-07-21,2026-07-21,plusaimachinelearningengineerplanningsantaclara
,PlusAI,Machine Learning Engineer Intern - Scenario Generation,AI / ML,,,unknown,unknown,US,unspecified,"Santa Clara, CA",Summer 2026,,Unknown,intern,unknown,unknown,review required,,posting,gone/closed?,4,2026-07-27,,,,Simplify2026,https://jobs.lever.co/plus-2/1432ed29-d5e2-4348-acc4-9c42bf0897e2/apply?utm_source=Simplify&ref=Simplify,2026-07-21,2026-07-21,plusaimachinelearningengineerscenariogenerationsantaclara
,PlusAI,Perception Intern 🎓,Robotics & Embodied AI,perception,,unknown,unknown,US,unspecified,"Santa Clara, CA",Summer 2026,,Advanced/unknown,intern,unknown,unknown,review required,,posting,gone/closed?,2,2026-07-27,,,ADV-DEGREE,Simplify2026,https://jobs.lever.co/plus-2/e4b669b3-c07f-4b5f-abb6-c1c6db602a64/apply?utm_source=Simplify&ref=Simplify,2026-07-21,2026-07-25,plusaiperceptionsantaclara
,PlusAI,Reinforcement Learning Planning Research Intern 🎓,Software Engineering,research,,unknown,unknown,US,unspecified,"Santa Clara, CA",Summer 2026,,Advanced/unknown,intern,unknown,unknown,review required,,posting,gone/closed?,4,2026-07-27,,,ADV-DEGREE,Simplify2026,https://jobs.lever.co/plus-2/7565aed4-41b0-44e9-8608-3ccd07e18262/apply?utm_source=Simplify&ref=Simplify,2026-07-21,2026-07-21,plusaireinforcementlearningplanningresearchsantaclara
,PlusAI,Research Engineer Intern - Control,Software Engineering,"controls,research",,unknown,unknown,US,unspecified,"Santa Clara, CA",Summer 2026,,Unknown,intern,unknown,unknown,review required,,posting,gone/closed?,4,2026-07-27,,,,Simplify2026,https://jobs.lever.co/plus-2/ac7f8f73-88d0-48d5-8d4f-71ed4cfa6ecc/apply?utm_source=Simplify&ref=Simplify,2026-07-21,2026-07-21,plusairesearchengineercontrolsantaclara
,PlusAI,Research Engineer Intern - Mapping & Localization 🎓,Software Engineering,research,,unknown,unknown,US,unspecified,"Santa Clara, CA",Summer 2026,,Advanced/unknown,intern,unknown,unknown,review required,,posting,gone/closed?,2,2026-07-27,,,ADV-DEGREE,Simplify2026,https://jobs.lever.co/plus-2/efbb82d3-1c4a-4fc9-8b40-ee1545085061/apply?utm_source=Simplify&ref=Simplify,2026-07-21,2026-07-25,plusairesearchengineermappinglocalizationsantaclara
,PlusAI,Research Engineer Intern 🎓,Software Engineering,research,,unknown,unknown,US,unspecified,"Santa Clara, CA",Summer 2026,,Advanced/unknown,intern,unknown,unknown,review required,,posting,gone/closed?,2,2026-07-27,,,ADV-DEGREE,Simplify2026,https://jobs.lever.co/plus-2/5f066e92-3ca3-4c04-ae21-2377352166ca/apply?utm_source=Simplify&ref=Simplify,2026-07-21,2026-07-25,plusairesearchengineersantaclara
,PlusAI,Software Engineer Intern - Robotics,Robotics & Embodied AI,,,unknown,unknown,US,unspecified,"Santa Clara, CA",Summer 2026,,Unknown,intern,unknown,unknown,review required,,posting,gone/closed?,4,2026-07-27,,,,Simplify2026,https://jobs.lever.co/plus-2/7a1afea9-b468-4b7c-a508-185e8e4032db/apply?utm_source=Simplify&ref=Simplify,2026-07-21,2026-07-21,plusaisoftwareengineerroboticssantaclara
,PlusAI,Software Engineer Intern-Runtime - Robotics,Robotics & Embodied AI,,,unknown,unknown,US,unspecified,"Santa Clara, CA",Summer 2026,,Unknown,intern,unknown,unknown,review required,,posting,gone/closed?,4,2026-07-27,,,,Simplify2026,https://jobs.lever.co/plus-2/a3bcdba6-b0d0-46ba-9af3-a387926a6fb4/apply?utm_source=Simplify&ref=Simplify,2026-07-21,2026-07-21,plusaisoftwareengineerruntimeroboticssantaclara
,PlusAI,Systems Engineer Intern 🎓,Software Engineering,,,unknown,unknown,US,unspecified,"Santa Clara, CA",Summer 2026,,Advanced/unknown,intern,unknown,unknown,review required,,posting,gone/closed?,2,2026-07-27,,,ADV-DEGREE,Simplify2026,https://jobs.lever.co/plus-2/1864b1be-25e5-424f-9626-09e58f6147f2/apply?utm_source=Simplify&ref=Simplify,2026-07-21,2026-07-25,plusaisystemsengineersantaclara
,Quadric,AI Inference Engineer Intern - Model Pruning 🎓,Software Engineering,,,unknown,unknown,US,unspecified,"Burlingame, CA",Summer 2026,,Advanced/unknown,intern,unknown,unknown,review required,,posting,gone/closed?,4,2026-07-27,,,ADV-DEGREE,Simplify2026,https://apply.workable.com/quadric-dot-i-o-inc/j/870833317E/apply?utm_source=Simplify&ref=Simplify,2026-07-21,2026-07-21,quadricaiinferenceengineermodelpruningburlingame
,Quadric,AI Kernel Engineer Intern - Kernel Optimization 🎓,Software Engineering,,,unknown,unknown,US,unspecified,"Burlingame, CA",Summer 2026,,Advanced/unknown,intern,unknown,unknown,review required,,posting,gone/closed?,4,2026-07-27,,,ADV-DEGREE,Simplify2026,https://apply.workable.com/quadric-dot-i-o-inc/j/6BEF4752B5/apply?utm_source=Simplify&ref=Simplify,2026-07-21,2026-07-21,quadricaikernelengineerkerneloptimizationburlingame
,Rakuten International,Software Engineer Intern,Software Engineering,,,unknown,unknown,US,unspecified,"San Mateo, California",Summer 2027,,Unknown,intern,unknown,unknown,review required,,posting,gone/closed?,4,2026-07-27,,,,vanshb03_2027,https://rakuten.wd1.myworkdayjobs.com/en-US/RakutenAmericas/job/San-Mateo-California/Intern---Software-Engineer--AI-User-Experience_1033171?utm_source=github-vansh-ouckah,2026-07-21,2026-07-24,rakuteninternationalsoftwareengineersanmateo
,Ralliant,Software Engineer Intern - Mecop,Software Engineering,,,unknown,unknown,US,unspecified,"Beaverton, OR",Summer 2026,,Unknown,intern,unknown,unknown,review required,,posting,gone/closed?,4,2026-07-27,,,,Simplify2026,https://ibwujb.fa.ocs.oraclecloud.com/hcmUI/CandidateExperience/en/sites/CX_1001/job/8465?utm_source=Simplify&ref=Simplify,2026-07-21,2026-07-21,ralliantsoftwareengineermecopbeaverton
,Remarcable,Full Stack Developer Co-op,Software Engineering,,,unknown,unknown,Canada,unspecified,"Vancouver, BC, Canada",Summer 2026,,Unknown,co-op,unknown,unknown,review required,,posting,gone/closed?,4,2026-07-27,,,,Simplify2026,https://jobs.ashbyhq.com/remarcable-inc/38e76aaf-d0b3-40c7-8055-cb7e11ed26cd/application?utm_source=Simplify&ref=Simplify,2026-07-21,2026-07-21,remarcablefullstackengineervancouver
,Salesforce,"AI Builder, Emerging Talent",Software Engineering,,,unknown,unknown,Unknown,unspecified,emerging talent program,Summer 2027,,Unknown,other,unknown,unknown,review required,,posting,gone/closed?,4,2026-07-27,,,,sndsh404_2027,https://salesforce.wd12.myworkdayjobs.com/en-US/External_Career_Site/job/AI-Builder--Emerging-Talent_JR341276-1,2026-07-24,2026-07-24,salesforceaibuilderemergingtalentemergingtalentprogram
,Salesforce,Software Engineer Intern(Futureforce Summer 2027),Software Engineering,,,unknown,unknown,US,unspecified,"**5 locations** San Francisco, CA / Palo Alto, CA / New York, NY / Seattle, WA / Burlington, MA",Summer 2027,,Unknown,intern,unknown,unknown,review required,,posting,gone/closed?,4,2026-07-27,,,,vanshb03_2027,https://salesforce.wd12.myworkdayjobs.com/External_Career_Site/job/California---San-Francisco/Summer-2027-Intern---Software-Engineer_JR340771-1?utm_source=github-vansh-ouckah,2026-07-21,2026-07-24,salesforcesoftwareengineer5locationssanfrancisco
,Solink,Software Engineer Co-op - R&D- Data Integrations,Software Engineering,,,unknown,unknown,Canada,unspecified,"Ottawa, ON, Canada",Summer 2026,,Unknown,co-op,unknown,unknown,review required,,posting,gone/closed?,4,2026-07-27,,,,Simplify2026,https://jobs.ashbyhq.com/solink/df855bdc-1d59-4af5-b7dc-5e23801aeb30/application?utm_source=Simplify&ref=Simplify,2026-07-21,2026-07-21,solinksoftwareengineerrddataintegrationsottawa
,Sundt,Support Group Intern - Artificial Intelligence,AI / ML,,,unknown,unknown,US,unspecified,"Tempe, AZ",Summer 2026,,Unknown,intern,unknown,unknown,review required,,posting,gone/closed?,4,2026-07-27,,,,Simplify2026,https://eewl.fa.us6.oraclecloud.com/hcmUI/CandidateExperience/en/sites/CX/job/10300?utm_source=Simplify&ref=Simplify,2026-07-21,2026-07-21,sundtsupportgroupartificialintelligencetempe
,Tencent,Research Intern 🎓,Software Engineering,research,,unknown,unknown,US,unspecified,"Bellevue, WA",Summer 2026,,Advanced/unknown,intern,unknown,unknown,review required,,posting,gone/closed?,3,2026-07-27,,,ADV-DEGREE,Simplify2026,https://tencent.wd1.myworkdayjobs.com/Tencent_Careers/job/US-Washington-Bellevue/Research-Internship---Reinforcement-Learning-for-Large-Foundation-Models_R106337-1?utm_source=Simplify&ref=Simplify,2026-07-21,2026-07-24,tencentresearchbellevue
,Texas Instruments,Engineering Technician Intern,Software Engineering,,,unknown,unknown,US,unspecified,"Dallas, TX / Tucson, AZ",Summer 2026,,Unknown,intern,unknown,unknown,review required,,posting,gone/closed?,4,2026-07-27,,,,Simplify2026,https://edbz.fa.us2.oraclecloud.com/hcmUI/CandidateExperience/en/sites/CX/job/25010550?utm_source=Simplify&ref=Simplify,2026-07-21,2026-07-24,texasinstrumentsengineertechniciandallas
,The Tatitlek Corporation,Engineering Aide Intern,Software Engineering,,,unknown,unknown,US,unspecified,"Dahlgren, VA",Summer 2026,,Unknown,intern,unknown,unknown,review required,,posting,gone/closed?,4,2026-07-27,,,,Simplify2026,https://careers-tatitlek.icims.com/jobs/2620/job?mobile=true&needsRedirect=false&utm_source=Simplify&ref=Simplify,2026-07-21,2026-07-21,thetatitlekcorporationengineeraidedahlgren
,The University of Edinburgh,Research Intern - Translation Software,Software Engineering,research,,unknown,unknown,UK,unspecified,"Edinburgh, UK",Summer 2026,,Unknown,intern,unknown,unknown,review required,,posting,gone/closed?,4,2026-07-27,,,,Simplify2026,https://elxw.fa.em3.oraclecloud.com/hcmUI/CandidateExperience/en/sites/CX_1001/job/14409?utm_source=Simplify&ref=Simplify,2026-07-21,2026-07-21,theuniversityofedinburghresearchtranslationsoftwareedinburgh
,🔥 Tesla,"Embedded Software Engineer Intern - Embedded Software Engineer - Steering,Chassis Systems",Software Engineering,hardware,,unknown,unknown,US,unspecified,"Palo Alto, CA",Summer 2026,,Unknown,intern,unknown,unknown,review required,,posting,gone/closed?,3,2026-07-27,,,HOT,Simplify2026,https://www.tesla.com/careers/search/job/274047?utm_source=Simplify&ref=Simplify,2026-07-21,2026-07-24,teslaembeddedsoftwareengineerembeddedsoftwareengineersteeringcha
,🔥 Tesla,Software Engineer Intern - Wireless Connectivity Software Engineer - Electronic Devices,Software Engineering,,,unknown,unknown,US,unspecified,"Palo Alto, CA",Summer 2026,,Unknown,intern,unknown,unknown,review required,,posting,gone/closed?,4,2026-07-27,,,,Simplify2026,https://www.tesla.com/careers/search/job/269792?utm_source=Simplify&ref=Simplify,2026-07-21,2026-07-21,teslasoftwareengineerwirelessconnectivitysoftwareengineerelectro
,🔥 TikTok,Data Analyst Intern - TikTok Shop AMS Data Science,Software Engineering,,,unknown,unknown,US,unspecified,"Seattle, WA",Summer 2026,,Unknown,intern,unknown,unknown,review required,,posting,gone/closed?,4,2026-07-27,,,HOT,Simplify2026,https://lifeattiktok.com/search/7532267134924867847?utm_source=Simplify&ref=Simplify,2026-07-21,2026-07-21,tiktokdataanalysttiktokshopamsdatascienceseattle
,🔥 TikTok,Data Engineer Intern - E-commerce,Data,,,unknown,unknown,US,unspecified,"Seattle, WA",Summer 2026,,Unknown,intern,unknown,unknown,review required,,posting,gone/closed?,4,2026-07-27,,,,Simplify2026,https://lifeattiktok.com/search/7534818364393654535?utm_source=Simplify&ref=Simplify,2026-07-21,2026-07-21,tiktokdataengineerecommerceseattle
,🔥 TikTok,Data Scientist Intern,Data,,,unknown,unknown,US,unspecified,"Seattle, WA",Summer 2026,,Unknown,intern,unknown,unknown,review required,,posting,gone/closed?,4,2026-07-27,,,,Simplify2026,https://lifeattiktok.com/search/7532238337198622983?utm_source=Simplify&ref=Simplify,2026-07-21,2026-07-21,tiktokdatascientistseattle
,🔥 TikTok,Machine Learning Engineer Intern,AI / ML,,,unknown,unknown,US,unspecified,"San Jose, CA",Summer 2026,,Unknown,intern,unknown,unknown,review required,,posting,gone/closed?,3,2026-07-27,,,,Simplify2026,https://lifeattiktok.com/search/7534855949620119815?utm_source=Simplify&ref=Simplify,2026-07-21,2026-07-24,tiktokmachinelearningengineersanjose
,🔥 TikTok,Machine Learning Scientist Intern - Tiktok-Content Ecology-LLM application 🎓,AI / ML,,,unknown,unknown,US,unspecified,"San Jose, CA",Summer 2026,,Advanced/unknown,intern,unknown,unknown,review required,,posting,gone/closed?,4,2026-07-27,,,ADV-DEGREE,Simplify2026,https://lifeattiktok.com/search/7532390182411405586?utm_source=Simplify&ref=Simplify,2026-07-21,2026-07-21,tiktokmachinelearningscientisttiktokcontentecologyllmapplication
,🔥 TikTok,Software Engineer Intern - Monetization Technology - Ads Creative,Software Engineering,,,unknown,unknown,US,unspecified,"San Jose, CA",Summer 2026,,Unknown,intern,unknown,unknown,review required,,posting,gone/closed?,4,2026-07-27,,,HOT,Simplify2026,https://lifeattiktok.com/search/7532460740410738952?utm_source=Simplify&ref=Simplify,2026-07-21,2026-07-21,tiktoksoftwareengineermonetizationtechnologyadscreativesanjose
,🔥 TikTok,Software Engineer Project Intern - Platform efficiency,Software Engineering,,,unknown,unknown,US,unspecified,"San Jose, CA",Summer 2026,,Unknown,intern,unknown,unknown,review required,,posting,gone/closed?,4,2026-07-27,,,,Simplify2026,https://lifeattiktok.com/search/7530513185797359880?utm_source=Simplify&ref=Simplify,2026-07-21,2026-07-21,tiktoksoftwareengineerprojectplatformefficiencysanjose
